{
  "global": [
    {
      "type": "SET_NAME",
      "input": "invoice",
      "scope": "global",
      "id": "74de6868-2a53-4f91-8338-3363f22449e0",
      "index": 0,
      "timestamp": "2024-10-29T09:29:21.891Z",
      "hash": "Fd20qtObIUDJwJHse6VqFK8ObWY=",
      "skip": 0
    },
    {
      "type": "SET_MODEL_NAME",
      "input": {
        "name": "invoice"
      },
      "scope": "global",
      "id": "551adc72-638b-468d-b04e-b028a182c73f",
      "index": 1,
      "timestamp": "2024-10-29T09:29:21.907Z",
      "hash": "71Qkg3g+Hp1U5I8TCYbH0gydpdY=",
      "skip": 0
    },
    {
      "type": "SET_STATE_SCHEMA",
      "input": {
        "schema": "type InvoiceState {\n  \"Add your global state fields here\"\n  _placeholder: String\n}",
        "scope": "global"
      },
      "scope": "global",
      "id": "604c2da0-9faa-4129-a876-74ac80f7da50",
      "index": 2,
      "timestamp": "2024-10-29T09:29:21.921Z",
      "hash": "ewc4+i8ey3FQ0AcOSGK0a6jJC3E=",
      "skip": 0
    },
    {
      "type": "SET_INITIAL_STATE",
      "input": {
        "initialValue": "{}",
        "scope": "global"
      },
      "scope": "global",
      "id": "fd593487-5155-4323-9899-3d44b23501df",
      "index": 3,
      "timestamp": "2024-10-29T09:29:21.926Z",
      "hash": "hGHYzGJYB6HNeTiKoWTtzaZtJx8=",
      "skip": 0
    },
    {
      "type": "SET_MODEL_ID",
      "input": {
        "id": "documentModel"
      },
      "scope": "global",
      "id": "3ce93224-d26c-4237-8b93-7997eb66d7ef",
      "index": 4,
      "timestamp": "2024-10-29T09:29:21.927Z",
      "hash": "iBEB7JXW38MEG4md7wutVDsAvmM=",
      "skip": 0
    },
    {
      "type": "SET_MODEL_DESCRIPTION",
      "input": {
        "description": "Contributor invoices"
      },
      "scope": "global",
      "id": "e7d08fb0-05b3-4d92-827f-85cb43f2ee98",
      "index": 5,
      "timestamp": "2024-10-29T09:29:21.929Z",
      "hash": "bX+pZvbVfnFioyMkOjDBgwCvaso=",
      "skip": 0
    },
    {
      "type": "SET_MODEL_EXTENSION",
      "input": {
        "extension": ".test.ph"
      },
      "scope": "global",
      "id": "bff4bfad-03a7-4d0c-995b-2e05a0619e23",
      "index": 6,
      "timestamp": "2024-10-29T09:29:21.930Z",
      "hash": "xn+Ri6PoF4hNr6VhIIG+JvOsKjM=",
      "skip": 0
    },
    {
      "type": "SET_AUTHOR_NAME",
      "input": {
        "authorName": "zeroknowledgetruth"
      },
      "scope": "global",
      "id": "38a4336d-2a4e-4311-b3c7-24365b853aed",
      "index": 7,
      "timestamp": "2024-10-29T09:29:21.930Z",
      "hash": "PKvZZCuT9AynbK8wyrT2W8aKpiY=",
      "skip": 0
    },
    {
      "type": "SET_INITIAL_STATE",
      "input": {
        "initialValue": "{\n  \"_placeholder\": \"\"\n}",
        "scope": "global"
      },
      "scope": "global",
      "id": "dd2a0340-d731-4fd4-bf5f-fe529f97b3d3",
      "index": 8,
      "timestamp": "2024-10-29T09:30:15.624Z",
      "hash": "8saWpVBAfAncJVR2HGHo1QGclWc=",
      "skip": 0
    },
    {
      "type": "SET_STATE_SCHEMA",
      "input": {
        "schema": "type InvoiceState {\n    invoiceNo: String! # Invoice Number (e.g., 2024-001) The invoice numbering can be sequential Numbering INV-001 ; INV-002 String-base numbering 2024-09-03-456; drive explorer can set default to previous No + 1\n    dateIssued: String! # default value: today, e.g. 2024-01-31; user defined at first, then automated but user can override, auditor gets notified\n    dateDue: String! # default value: 30 days after issue date;\n    dateDelivered: String\n    title: String # Optional for use of the \"file name\" of the document.\n    status: Status!\n    refs: [String!]! # Legal stuff, component ID, whatever. Placeholdery.\n    issuer: LegalEntity!\n    payer: LegalEntity!\n    currency: String! # Default can be USD\n    lineItems: [InvoiceLineItem!]!\n    totalPriceTaxExcl: Float! # Currency will be the same for now, as is set on the InvoiceState level\n    totalPriceTaxIncl: Float! # Currency will be the same for now, as is set on the InvoiceState level\n}\n\ntype Token {\n    evmAddress: String\n    symbol: String\n    chainName: String\n    chainId: String\n    rpc: String\n}\n\ntype LegalEntity {\n    id: LegalEntityId\n    name: String\n    address: Address\n    contactInfo: ContactInfo\n    country: String\n    paymentRouting: PaymentRouting\n}\n\ntype Address {\n    streetAddress: String\n    extendedAddress: String\n    city: String\n    postalCode: String\n    country: String\n    stateProvince: String\n}\n\ntype ContactInfo {\n    tel: String\n    email: String\n}\n\ntype PaymentRouting {\n    bank: Bank\n    wallet: Wallet\n}\n\ntype Bank {\n    name: String!\n    address: Address!\n    contact: ContactInfo\n    ABA: String\n    IBAN: String\n    SWIFT: String\n    accountNum: String!\n    accountType: AccountType\n    beneficiary: String\n    intermediaryBank: IntermediaryBank\n    memo: String\n}\n\ntype IntermediaryBank {\n    name: String!\n    address: Address!\n    contact: ContactInfo\n    ABA: String\n    IBAN: String\n    SWIFT: String\n    accountNum: String!\n    accountType: AccountType\n    beneficiary: String\n    memo: String\n}\n\ntype Wallet {\n    rpc: String\n    chainName: String\n    chainId: String\n    address: String\n}\n\ntype InvoiceLineItem {\n    id: OID!\n    description: String!\n    taxPercent: Float!\n    quantity: Float!\n    currency: String! # Default can be USD\n    unitPriceTaxExcl: Float! # Currency will be the same for now, as is set on the InvoiceState level\n    unitPriceTaxIncl: Float! # Currency will be the same for now, as is set on the InvoiceState level\n    totalPriceTaxExcl: Float! # Currency will be the same for now, as is set on the InvoiceState level\n    totalPriceTaxIncl: Float! # Currency will be the same for now, as is set on the InvoiceState level\n}\n\nunion LegalEntityId = LegalEntityTaxId | LegalEntityCorporateRegistrationId\n\ntype LegalEntityTaxId {\n    taxId: String!\n}\n\ntype LegalEntityCorporateRegistrationId {\n    corpRegId: String!\n}\n\nenum Status {\n    DRAFT\n    ISSUED\n    ACCEPTED\n    REJECTED\n    PAID\n}\n\nenum AccountType {\n    CHECKING\n    SAVINGS\n    TRUST\n    WALLET\n}",
        "scope": "global"
      },
      "scope": "global",
      "id": "cd012130-6444-471a-965a-7e5338f58f7f",
      "index": 9,
      "timestamp": "2024-10-29T09:31:08.712Z",
      "hash": "TcoUdKRT5rTwO7IRRezI+USxqsk=",
      "skip": 0
    },
    {
      "type": "SET_STATE_SCHEMA",
      "input": {
        "schema": "type InvoiceState {\n    invoiceNo: String! # Invoice Number (e.g., 2024-001) The invoice numbering can be sequential Numbering INV-001 ; INV-002 String-base numbering 2024-09-03-456; drive explorer can set default to previous No + 1\n    dateIssued: String! # default value: today, e.g. 2024-01-31; user defined at first, then automated but user can override, auditor gets notified\n    dateDue: String! # default value: 30 days after issue date;\n    dateDelivered: String\n    title: String # Optional for use of the \"file name\" of the document.\n    status: Status!\n    refs: [String!]! # Legal stuff, component ID, whatever. Placeholdery.\n    issuer: LegalEntity!\n    payer: LegalEntity!\n    currency: String! # Default can be USD\n    lineItems: [InvoiceLineItem!]!\n    totalPriceTaxExcl: Float! # Currency will be the same for now, as is set on the InvoiceState level\n    totalPriceTaxIncl: Float! # Currency will be the same for now, as is set on the InvoiceState level\n}\n\ntype Token {\n    evmAddress: String\n    symbol: String\n    chainName: String\n    chainId: String\n    rpc: String\n}\n\ntype LegalEntity {\n    id: LegalEntityId\n    name: String\n    address: Address\n    contactInfo: ContactInfo\n    country: String\n    paymentRouting: PaymentRouting\n}\n\ntype Address {\n    streetAddress: String\n    extendedAddress: String\n    city: String\n    postalCode: String\n    country: String\n    stateProvince: String\n}\n\ntype ContactInfo {\n    tel: String\n    email: String\n}\n\ntype PaymentRouting {\n    bank: Bank\n    wallet: Wallet\n}\n\ntype Bank {\n    name: String!\n    address: Address!\n    contact: ContactInfo\n    ABA: String\n    IBAN: String\n    SWIFT: String\n    accountNum: String!\n    accountType: AccountType\n    beneficiary: String\n    intermediaryBank: IntermediaryBank\n    memo: String\n}\n\ntype IntermediaryBank {\n    name: String!\n    address: Address!\n    contact: ContactInfo\n    ABA: String\n    IBAN: String\n    SWIFT: String\n    accountNum: String!\n    accountType: AccountType\n    beneficiary: String\n    memo: String\n}\n\ntype Wallet {\n    rpc: String\n    chainName: String\n    chainId: String\n    address: String\n}\n\ntype InvoiceLineItem {\n    id: OID!\n    description: String!\n    taxPercent: Float!\n    quantity: Float!\n    currency: String! # Default can be USD\n    unitPriceTaxExcl: Float! # Currency will be the same for now, as is set on the InvoiceState level\n    unitPriceTaxIncl: Float! # Currency will be the same for now, as is set on the InvoiceState level\n    totalPriceTaxExcl: Float! # Currency will be the same for now, as is set on the InvoiceState level\n    totalPriceTaxIncl: Float! # Currency will be the same for now, as is set on the InvoiceState level\n}\n\nunion LegalEntityId = LegalEntityTaxId | LegalEntityCorporateRegistrationId\n\ntype LegalEntityTaxId {\n    taxId: String!\n}\n\ntype LegalEntityCorporateRegistrationId {\n    corpRegId: String!\n}\n\nenum Status {\n    DRAFT\n    ISSUED\n    ACCEPTED\n    REJECTED\n    PAID\n}\n\nenum AccountType {\n    CHECKING\n    SAVINGS\n    TRUST\n    WALLET\n}",
        "scope": "global"
      },
      "scope": "global",
      "id": "015b8f59-c94b-4e97-bd88-f3d132f6d19f",
      "index": 10,
      "timestamp": "2024-10-29T09:31:09.719Z",
      "hash": "TcoUdKRT5rTwO7IRRezI+USxqsk=",
      "skip": 0
    },
    {
      "type": "SET_INITIAL_STATE",
      "input": {
        "initialValue": "{\n  \"invoiceNo\": \"\",\n  \"dateIssued\": \"\",\n  \"dateDue\": \"\",\n  \"dateDelivered\": \"\",\n  \"title\": \"\",\n  \"status\": \"DRAFT\",\n  \"refs\": [],\n  \"issuer\": {\n    \"id\": null,\n    \"name\": \"\",\n    \"address\": {\n      \"streetAddress\": \"\",\n      \"extendedAddress\": \"\",\n      \"city\": \"\",\n      \"postalCode\": \"\",\n      \"country\": \"\",\n      \"stateProvince\": \"\"\n    },\n    \"contactInfo\": {\n      \"tel\": \"\",\n      \"email\": \"\"\n    },\n    \"country\": \"\",\n    \"paymentRouting\": {\n      \"bank\": {\n        \"name\": \"\",\n        \"address\": {\n          \"streetAddress\": \"\",\n          \"extendedAddress\": \"\",\n          \"city\": \"\",\n          \"postalCode\": \"\",\n          \"country\": \"\",\n          \"stateProvince\": \"\"\n        },\n        \"contact\": {\n          \"tel\": \"\",\n          \"email\": \"\"\n        },\n        \"ABA\": \"\",\n        \"IBAN\": \"\",\n        \"SWIFT\": \"\",\n        \"accountNum\": \"\",\n        \"accountType\": \"CHECKING\",\n        \"beneficiary\": \"\",\n        \"intermediaryBank\": {\n          \"name\": \"\",\n          \"address\": {\n            \"streetAddress\": \"\",\n            \"extendedAddress\": \"\",\n            \"city\": \"\",\n            \"postalCode\": \"\",\n            \"country\": \"\",\n            \"stateProvince\": \"\"\n          },\n          \"contact\": {\n            \"tel\": \"\",\n            \"email\": \"\"\n          },\n          \"ABA\": \"\",\n          \"IBAN\": \"\",\n          \"SWIFT\": \"\",\n          \"accountNum\": \"\",\n          \"accountType\": \"CHECKING\",\n          \"beneficiary\": \"\",\n          \"memo\": \"\"\n        },\n        \"memo\": \"\"\n      },\n      \"wallet\": {\n        \"rpc\": \"\",\n        \"chainName\": \"\",\n        \"chainId\": \"\",\n        \"address\": \"\"\n      }\n    }\n  },\n  \"payer\": {\n    \"id\": null,\n    \"name\": \"\",\n    \"address\": {\n      \"streetAddress\": \"\",\n      \"extendedAddress\": \"\",\n      \"city\": \"\",\n      \"postalCode\": \"\",\n      \"country\": \"\",\n      \"stateProvince\": \"\"\n    },\n    \"contactInfo\": {\n      \"tel\": \"\",\n      \"email\": \"\"\n    },\n    \"country\": \"\",\n    \"paymentRouting\": {\n      \"bank\": {\n        \"name\": \"\",\n        \"address\": {\n          \"streetAddress\": \"\",\n          \"extendedAddress\": \"\",\n          \"city\": \"\",\n          \"postalCode\": \"\",\n          \"country\": \"\",\n          \"stateProvince\": \"\"\n        },\n        \"contact\": {\n          \"tel\": \"\",\n          \"email\": \"\"\n        },\n        \"ABA\": \"\",\n        \"IBAN\": \"\",\n        \"SWIFT\": \"\",\n        \"accountNum\": \"\",\n        \"accountType\": \"CHECKING\",\n        \"beneficiary\": \"\",\n        \"intermediaryBank\": {\n          \"name\": \"\",\n          \"address\": {\n            \"streetAddress\": \"\",\n            \"extendedAddress\": \"\",\n            \"city\": \"\",\n            \"postalCode\": \"\",\n            \"country\": \"\",\n            \"stateProvince\": \"\"\n          },\n          \"contact\": {\n            \"tel\": \"\",\n            \"email\": \"\"\n          },\n          \"ABA\": \"\",\n          \"IBAN\": \"\",\n          \"SWIFT\": \"\",\n          \"accountNum\": \"\",\n          \"accountType\": \"CHECKING\",\n          \"beneficiary\": \"\",\n          \"memo\": \"\"\n        },\n        \"memo\": \"\"\n      },\n      \"wallet\": {\n        \"rpc\": \"\",\n        \"chainName\": \"\",\n        \"chainId\": \"\",\n        \"address\": \"\"\n      }\n    }\n  },\n  \"currency\": \"\",\n  \"lineItems\": [],\n  \"totalPriceTaxExcl\": 0,\n  \"totalPriceTaxIncl\": 0\n}",
        "scope": "global"
      },
      "scope": "global",
      "id": "8eced899-884b-433f-a816-c4ace0c8fa95",
      "index": 11,
      "timestamp": "2024-10-29T09:31:11.791Z",
      "hash": "QqFXJycdxseiqo0A6ji2RLzmTPk=",
      "skip": 0
    },
    {
      "type": "ADD_MODULE",
      "input": {
        "id": "5NdopzvYmbe0hADxicG1hCeHNwI=",
        "name": "general"
      },
      "scope": "global",
      "id": "ead59cb1-9d29-4548-9df9-500124f1b9f1",
      "index": 12,
      "timestamp": "2024-10-29T09:32:11.724Z",
      "hash": "s1t5k3iXIoevVqmFIqoBlMkd2sM=",
      "skip": 0
    },
    {
      "type": "ADD_OPERATION",
      "input": {
        "id": "GC8OxKK3HNYj/rSZo8+/gddUHV8=",
        "moduleId": "5NdopzvYmbe0hADxicG1hCeHNwI=",
        "name": "EDIT_INVOICE"
      },
      "scope": "global",
      "id": "2f1c16a9-d7b5-4025-9c89-7cff3e71a89c",
      "index": 13,
      "timestamp": "2024-10-29T09:32:20.848Z",
      "hash": "uqIiRFet7o7B8V4oVWkBm+FESSs=",
      "skip": 0
    },
    {
      "type": "SET_OPERATION_SCHEMA",
      "input": {
        "id": "GC8OxKK3HNYj/rSZo8+/gddUHV8=",
        "schema": "input EditInvoiceInput {\n    invoiceNo: String\n    dateIssued: String\n    dateDue: String\n    dateDelivered: String\n    title: String\n    currency: String\n}"
      },
      "scope": "global",
      "id": "ec470307-2c2f-4ee7-bf15-5f500f2ea94f",
      "index": 14,
      "timestamp": "2024-10-29T09:32:30.833Z",
      "hash": "v/29HnGrQa7j/fUQakORtD0Jj+Y=",
      "skip": 0
    },
    {
      "type": "SET_OPERATION_SCHEMA",
      "input": {
        "id": "GC8OxKK3HNYj/rSZo8+/gddUHV8=",
        "schema": "input EditInvoiceInput {\n    invoiceNo: String\n    dateIssued: String\n    dateDue: String\n    dateDelivered: String\n    title: String\n    currency: String\n}"
      },
      "scope": "global",
      "id": "485924e2-f1e6-4836-a551-2e64dd65cdc0",
      "index": 15,
      "timestamp": "2024-10-29T09:32:32.556Z",
      "hash": "v/29HnGrQa7j/fUQakORtD0Jj+Y=",
      "skip": 0
    },
    {
      "type": "ADD_OPERATION",
      "input": {
        "id": "wnsDuquNjYlNgumDlvwvcete0fM=",
        "moduleId": "5NdopzvYmbe0hADxicG1hCeHNwI=",
        "name": "EDIT_STATUS"
      },
      "scope": "global",
      "id": "25fabe56-0c09-4696-b00d-e6f18a825315",
      "index": 16,
      "timestamp": "2024-10-29T09:32:39.882Z",
      "hash": "34GxwlHtcvwqTGs3Z/bBWaHaSfU=",
      "skip": 0
    },
    {
      "type": "SET_OPERATION_SCHEMA",
      "input": {
        "id": "wnsDuquNjYlNgumDlvwvcete0fM=",
        "schema": "input EditStatusInput {\n    status: Status!\n\n}"
      },
      "scope": "global",
      "id": "0559d84c-095d-4c3d-bd36-acbce0ed283f",
      "index": 17,
      "timestamp": "2024-10-29T09:32:44.426Z",
      "hash": "6enpbee1TuRgDS/tkC+XHQCqv7c=",
      "skip": 0
    },
    {
      "type": "SET_OPERATION_SCHEMA",
      "input": {
        "id": "wnsDuquNjYlNgumDlvwvcete0fM=",
        "schema": "input EditStatusInput {\n    status: Status!\n}"
      },
      "scope": "global",
      "id": "9f9c4bfe-e0a2-4bac-938a-0ede4938f279",
      "index": 18,
      "timestamp": "2024-10-29T09:32:45.868Z",
      "hash": "RhU/5CrqftKSvXiU1Bux/djB8S0=",
      "skip": 0
    },
    {
      "type": "SET_OPERATION_SCHEMA",
      "input": {
        "id": "wnsDuquNjYlNgumDlvwvcete0fM=",
        "schema": "input EditStatusInput {\n    status: Status!\n}"
      },
      "scope": "global",
      "id": "ad9b4479-7914-4f88-9632-17fc1ed35212",
      "index": 19,
      "timestamp": "2024-10-29T09:32:46.769Z",
      "hash": "RhU/5CrqftKSvXiU1Bux/djB8S0=",
      "skip": 0
    },
    {
      "type": "ADD_OPERATION",
      "input": {
        "id": "8z5zo6le4Zqovc4G7R4y2Rmb944=",
        "moduleId": "5NdopzvYmbe0hADxicG1hCeHNwI=",
        "name": "ADD_REF"
      },
      "scope": "global",
      "id": "ac5e28ee-19eb-4cd7-8d69-a09910639e66",
      "index": 20,
      "timestamp": "2024-10-29T09:32:52.360Z",
      "hash": "7QV6PL06zenzJTBrbgohvGMF4EM=",
      "skip": 0
    },
    {
      "type": "SET_OPERATION_SCHEMA",
      "input": {
        "id": "8z5zo6le4Zqovc4G7R4y2Rmb944=",
        "schema": "input AddRefInput {\n    id: OID!\n    value: String!\n}"
      },
      "scope": "global",
      "id": "911265c4-cfca-48bd-ac2d-2e42e44be742",
      "index": 21,
      "timestamp": "2024-10-29T09:32:57.674Z",
      "hash": "Cu8soayxMU9RsBGCTAngeBHemVY=",
      "skip": 0
    },
    {
      "type": "SET_OPERATION_SCHEMA",
      "input": {
        "id": "8z5zo6le4Zqovc4G7R4y2Rmb944=",
        "schema": "input AddRefInput {\n    id: OID!\n    value: String!\n}"
      },
      "scope": "global",
      "id": "9e5e8b91-76f3-412a-9fd4-848838bec487",
      "index": 22,
      "timestamp": "2024-10-29T09:33:00.194Z",
      "hash": "Cu8soayxMU9RsBGCTAngeBHemVY=",
      "skip": 0
    },
    {
      "type": "ADD_OPERATION",
      "input": {
        "id": "fWXv/g40c4PW4fInQacz5kM4B2I=",
        "moduleId": "5NdopzvYmbe0hADxicG1hCeHNwI=",
        "name": "EDIT_REF"
      },
      "scope": "global",
      "id": "2ba29917-1d6f-4b11-a726-b6fd46450de7",
      "index": 23,
      "timestamp": "2024-10-29T09:33:06.390Z",
      "hash": "VBTl80AbJCEmcbQEj0+0kR2GZnk=",
      "skip": 0
    },
    {
      "type": "SET_OPERATION_SCHEMA",
      "input": {
        "id": "fWXv/g40c4PW4fInQacz5kM4B2I=",
        "schema": "input EditRefInput {\n    id: OID!\n    value: String!\n}"
      },
      "scope": "global",
      "id": "54465da6-f583-481a-88db-cd07d420874a",
      "index": 24,
      "timestamp": "2024-10-29T09:33:11.413Z",
      "hash": "xvXoRNmqoNyYwHAe/XSxbvyT7zs=",
      "skip": 0
    },
    {
      "type": "SET_OPERATION_SCHEMA",
      "input": {
        "id": "fWXv/g40c4PW4fInQacz5kM4B2I=",
        "schema": "input EditRefInput {\n    id: OID!\n    value: String!\n}"
      },
      "scope": "global",
      "id": "3c11a5fc-3ef2-4fce-9e26-b5ddf48b3e7f",
      "index": 25,
      "timestamp": "2024-10-29T09:33:12.312Z",
      "hash": "xvXoRNmqoNyYwHAe/XSxbvyT7zs=",
      "skip": 0
    },
    {
      "type": "ADD_OPERATION",
      "input": {
        "id": "jUtMw6Rjd9Yv3LSnjUVs6fSPo0k=",
        "moduleId": "5NdopzvYmbe0hADxicG1hCeHNwI=",
        "name": "DELETE_REF"
      },
      "scope": "global",
      "id": "b8c387a8-ac13-4203-a9ca-af4c81458964",
      "index": 26,
      "timestamp": "2024-10-29T09:33:17.913Z",
      "hash": "85HqVpQFDvqPAj5mjr7d4UNmLJo=",
      "skip": 0
    },
    {
      "type": "SET_OPERATION_SCHEMA",
      "input": {
        "id": "jUtMw6Rjd9Yv3LSnjUVs6fSPo0k=",
        "schema": "input DeleteRefInput {\n    id: OID!\n\n}"
      },
      "scope": "global",
      "id": "487c6e10-0ade-4d55-ba15-e4aa7b0f71cb",
      "index": 27,
      "timestamp": "2024-10-29T09:33:20.528Z",
      "hash": "vhja8t5s2A9kNV5qSpLN4+ocQNk=",
      "skip": 0
    },
    {
      "type": "SET_OPERATION_SCHEMA",
      "input": {
        "id": "jUtMw6Rjd9Yv3LSnjUVs6fSPo0k=",
        "schema": "input DeleteRefInput {\n    id: OID!\n}"
      },
      "scope": "global",
      "id": "4284932f-1184-44d1-a1f0-f4288ea50913",
      "index": 28,
      "timestamp": "2024-10-29T09:33:21.918Z",
      "hash": "jgF1kywcJw2s0E9QdzhS2EHaXN8=",
      "skip": 0
    },
    {
      "type": "SET_OPERATION_SCHEMA",
      "input": {
        "id": "jUtMw6Rjd9Yv3LSnjUVs6fSPo0k=",
        "schema": "input DeleteRefInput {\n    id: OID!\n}"
      },
      "scope": "global",
      "id": "304f62da-7e58-49fd-bf93-be0d2f0f0226",
      "index": 29,
      "timestamp": "2024-10-29T09:33:22.597Z",
      "hash": "jgF1kywcJw2s0E9QdzhS2EHaXN8=",
      "skip": 0
    },
    {
      "type": "ADD_MODULE",
      "input": {
        "id": "sSVjeGG79S3+LIZkVmxI3DtvO40=",
        "name": "issuer"
      },
      "scope": "global",
      "id": "d3424750-ed4c-40dc-99d7-14cdb018b632",
      "index": 30,
      "timestamp": "2024-10-29T09:33:33.867Z",
      "hash": "QjzkZ1jFvkt3ZXt9s2AWAbOG29M=",
      "skip": 0
    },
    {
      "type": "ADD_OPERATION",
      "input": {
        "id": "bPqUAhZLfBJkgVs39WFq9GUYAVs=",
        "moduleId": "sSVjeGG79S3+LIZkVmxI3DtvO40=",
        "name": "EDIT_ISSUER"
      },
      "scope": "global",
      "id": "d3c541b8-da76-496d-99b4-853c6e64305d",
      "index": 31,
      "timestamp": "2024-10-29T09:34:15.483Z",
      "hash": "A28mAf+Pq6zG63tVGqJlBOFEriY=",
      "skip": 0
    },
    {
      "type": "SET_OPERATION_SCHEMA",
      "input": {
        "id": "bPqUAhZLfBJkgVs39WFq9GUYAVs=",
        "schema": "input EditIssuerInput {\n    id: String\n    name: String\n    streetAddress: String\n    extendedAddress: String\n    city: String\n    postalCode: String\n    country: String\n    stateProvince: String\n    tel: String\n    email: String\n    country: String\n}"
      },
      "scope": "global",
      "id": "f11003ac-a2f8-436c-b33d-5dff19bac728",
      "index": 32,
      "timestamp": "2024-10-29T09:34:18.493Z",
      "hash": "sjXsvOW3/2x60kCb5Zhz8o/zwtQ=",
      "skip": 0
    },
    {
      "type": "SET_OPERATION_SCHEMA",
      "input": {
        "id": "bPqUAhZLfBJkgVs39WFq9GUYAVs=",
        "schema": "input EditIssuerInput {\n    id: String\n    name: String\n    streetAddress: String\n    extendedAddress: String\n    city: String\n    postalCode: String\n    country: String\n    stateProvince: String\n    tel: String\n    email: String\n\n}"
      },
      "scope": "global",
      "id": "5df50199-6caf-4699-bf4f-9261c27067de",
      "index": 33,
      "timestamp": "2024-10-29T09:37:33.644Z",
      "hash": "SjdtwFSlS81rGs/t0kg3a/L0u2o=",
      "skip": 0
    },
    {
      "type": "SET_OPERATION_SCHEMA",
      "input": {
        "id": "bPqUAhZLfBJkgVs39WFq9GUYAVs=",
        "schema": "input EditIssuerInput {\n    id: String\n    name: String\n    streetAddress: String\n    extendedAddress: String\n    city: String\n    postalCode: String\n    country: String\n    stateProvince: String\n    tel: String\n    email: String\n}"
      },
      "scope": "global",
      "id": "9d63b36b-6085-4ec6-843a-dc39b8c95f59",
      "index": 34,
      "timestamp": "2024-10-29T09:37:33.877Z",
      "hash": "8ktYpfFoSXAqXoBHbAd0ZjAA9c0=",
      "skip": 0
    },
    {
      "type": "ADD_OPERATION",
      "input": {
        "id": "g08wFEq0ooqcAwvLcxDDgyyH2j0=",
        "moduleId": "sSVjeGG79S3+LIZkVmxI3DtvO40=",
        "name": "EDIT_ISSUER_BANK"
      },
      "scope": "global",
      "id": "91b65654-5655-4e80-b7fd-aeaead9ccbcb",
      "index": 35,
      "timestamp": "2024-10-29T09:40:32.201Z",
      "hash": "pUXkRED2pfmj+GOeJDQlysE7Wps=",
      "skip": 0
    },
    {
      "type": "SET_OPERATION_SCHEMA",
      "input": {
        "id": "g08wFEq0ooqcAwvLcxDDgyyH2j0=",
        "schema": "input EditIssuerBankInput {\n    name: String\n    streetAddress: String\n    extendedAddress: String\n    city: String\n    postalCode: String\n    country: String\n    stateProvince: String\n    tel: String\n    email: String\n    ABA: String\n    IBAN: String\n    SWIFT: String\n    accountNum: String\n    accountType: AccountType\n    beneficiary: String\n    memo: String\n    # intermediaryBank\n    nameIntermediary: String\n    streetAddressIntermediary: String\n    extendedAddressIntermediary: String\n    cityIntermediary: String\n    postalCodeIntermediary: String\n    countryIntermediary: String\n    stateProvinceIntermediary: String\n    telIntermediary: String\n    emailIntermediary: String\n    ABAIntermediary: String\n    IBANIntermediary: String\n    SWIFTIntermediary: String\n    accountNumIntermediary: String\n    accountTypeIntermediary: AccountType\n    beneficiaryIntermediary: String\n    memoIntermediary: String\n}"
      },
      "scope": "global",
      "id": "72831876-5b71-4fec-833f-6ab2dde790dc",
      "index": 36,
      "timestamp": "2024-10-29T09:40:41.486Z",
      "hash": "hvJrb2yIVm7/F3i0wJcc2M4YxS8=",
      "skip": 0
    },
    {
      "type": "SET_OPERATION_SCHEMA",
      "input": {
        "id": "g08wFEq0ooqcAwvLcxDDgyyH2j0=",
        "schema": "input EditIssuerBankInput {\n    name: String\n    streetAddress: String\n    extendedAddress: String\n    city: String\n    postalCode: String\n    country: String\n    stateProvince: String\n    tel: String\n    email: String\n    ABA: String\n    IBAN: String\n    SWIFT: String\n    accountNum: String\n    accountType: AccountType\n    beneficiary: String\n    memo: String\n    # intermediaryBank\n    nameIntermediary: String\n    streetAddressIntermediary: String\n    extendedAddressIntermediary: String\n    cityIntermediary: String\n    postalCodeIntermediary: String\n    countryIntermediary: String\n    stateProvinceIntermediary: String\n    telIntermediary: String\n    emailIntermediary: String\n    ABAIntermediary: String\n    IBANIntermediary: String\n    SWIFTIntermediary: String\n    accountNumIntermediary: String\n    accountTypeIntermediary: AccountType\n    beneficiaryIntermediary: String\n    memoIntermediary: String\n}"
      },
      "scope": "global",
      "id": "42bf8742-752f-49e0-8072-5865f865db88",
      "index": 37,
      "timestamp": "2024-10-29T09:40:42.487Z",
      "hash": "hvJrb2yIVm7/F3i0wJcc2M4YxS8=",
      "skip": 0
    },
    {
      "type": "ADD_OPERATION",
      "input": {
        "id": "saWZnYBHXkxoh8lbAdCNlfr5Hns=",
        "moduleId": "sSVjeGG79S3+LIZkVmxI3DtvO40=",
        "name": "EDIT_ISSUER_WALLET"
      },
      "scope": "global",
      "id": "b3621df5-97a3-4e47-97a8-a95cfdcb2b94",
      "index": 38,
      "timestamp": "2024-10-29T09:40:56.339Z",
      "hash": "CK5XlaumawtogtRRBtGgGKYtpLc=",
      "skip": 0
    },
    {
      "type": "SET_OPERATION_SCHEMA",
      "input": {
        "id": "saWZnYBHXkxoh8lbAdCNlfr5Hns=",
        "schema": "input EditIssuerWalletInput {\n    rpc: String\n    chainName: String\n    chainId: String\n    address: String\n}"
      },
      "scope": "global",
      "id": "985da390-5285-40d0-9d5c-4116b3b223cb",
      "index": 39,
      "timestamp": "2024-10-29T09:41:00.279Z",
      "hash": "nE+HWpjCOElzRI7z1gUxXVyMyOc=",
      "skip": 0
    },
    {
      "type": "SET_OPERATION_SCHEMA",
      "input": {
        "id": "saWZnYBHXkxoh8lbAdCNlfr5Hns=",
        "schema": "input EditIssuerWalletInput {\n    rpc: String\n    chainName: String\n    chainId: String\n    address: String\n}"
      },
      "scope": "global",
      "id": "111212f8-22c0-4bef-9e75-7a3fe97fe0db",
      "index": 40,
      "timestamp": "2024-10-29T09:41:01.191Z",
      "hash": "nE+HWpjCOElzRI7z1gUxXVyMyOc=",
      "skip": 0
    },
    {
      "type": "SET_MODULE_NAME",
      "input": {
        "id": "sSVjeGG79S3+LIZkVmxI3DtvO40=",
        "name": "parties"
      },
      "scope": "global",
      "id": "47fbebcf-6547-4df9-8643-fbe0e7eaafda",
      "index": 41,
      "timestamp": "2024-10-29T09:41:50.922Z",
      "hash": "tQdnzROqDp6urnFT0+nfKdGAyDA=",
      "skip": 0
    },
    {
      "type": "SET_MODULE_NAME",
      "input": {
        "id": "sSVjeGG79S3+LIZkVmxI3DtvO40=",
        "name": "parties"
      },
      "scope": "global",
      "id": "8eaaffa3-9671-4d84-a723-e4d0363e781a",
      "index": 42,
      "timestamp": "2024-10-29T09:41:53.861Z",
      "hash": "tQdnzROqDp6urnFT0+nfKdGAyDA=",
      "skip": 0
    },
    {
      "type": "ADD_OPERATION",
      "input": {
        "id": "z59UfAYmzMEMtIGxZKKlC5J6GpU=",
        "moduleId": "sSVjeGG79S3+LIZkVmxI3DtvO40=",
        "name": "EDIT_PAYER"
      },
      "scope": "global",
      "id": "9b1d2d6c-c428-42d6-beb9-a1ca103d1e28",
      "index": 43,
      "timestamp": "2024-10-29T09:42:16.112Z",
      "hash": "5TPKz7oDWqI0mHqfa7aF/pHosvo=",
      "skip": 0
    },
    {
      "type": "SET_OPERATION_SCHEMA",
      "input": {
        "id": "z59UfAYmzMEMtIGxZKKlC5J6GpU=",
        "schema": "input EditPayerInput {\n    id: String\n    name: String\n    streetAddress: String\n    extendedAddress: String\n    city: String\n    postalCode: String\n    country: String\n    stateProvince: String\n    tel: String\n    email: String\n}"
      },
      "scope": "global",
      "id": "e45f6187-fb8c-44de-bb02-1e1292f5252c",
      "index": 44,
      "timestamp": "2024-10-29T09:42:20.019Z",
      "hash": "MnGvGILcPXUCVZigwQzDilsWzok=",
      "skip": 0
    },
    {
      "type": "SET_OPERATION_SCHEMA",
      "input": {
        "id": "z59UfAYmzMEMtIGxZKKlC5J6GpU=",
        "schema": "input EditPayerInput {\n    id: String\n    name: String\n    streetAddress: String\n    extendedAddress: String\n    city: String\n    postalCode: String\n    country: String\n    stateProvince: String\n    tel: String\n    email: String\n}"
      },
      "scope": "global",
      "id": "248934c7-997b-4a62-a9ac-6974e790f9c3",
      "index": 45,
      "timestamp": "2024-10-29T09:42:22.231Z",
      "hash": "MnGvGILcPXUCVZigwQzDilsWzok=",
      "skip": 0
    },
    {
      "type": "ADD_OPERATION",
      "input": {
        "id": "QFPrzmTmlhHo/+NahqpSAcDxTKA=",
        "moduleId": "sSVjeGG79S3+LIZkVmxI3DtvO40=",
        "name": "EDIT_PAYER_BANK"
      },
      "scope": "global",
      "id": "e3290930-1ee9-4546-9a09-279702892d5e",
      "index": 46,
      "timestamp": "2024-10-29T09:42:37.987Z",
      "hash": "C4NR7oEOytqgVh3jmwCr6i6oQVE=",
      "skip": 0
    },
    {
      "type": "SET_OPERATION_SCHEMA",
      "input": {
        "id": "QFPrzmTmlhHo/+NahqpSAcDxTKA=",
        "schema": "input EditPayerBankInput {\n    name: String\n    streetAddress: String\n    extendedAddress: String\n    city: String\n    postalCode: String\n    country: String\n    stateProvince: String\n    tel: String\n    email: String\n    ABA: String\n    IBAN: String\n    SWIFT: String\n    accountNum: String\n    accountType: AccountType\n    beneficiary: String\n    memo: String\n    # intermediaryBank\n    nameIntermediary: String\n    streetAddressIntermediary: String\n    extendedAddressIntermediary: String\n    cityIntermediary: String\n    postalCodeIntermediary: String\n    countryIntermediary: String\n    stateProvinceIntermediary: String\n    telIntermediary: String\n    emailIntermediary: String\n    ABAIntermediary: String\n    IBANIntermediary: String\n    SWIFTIntermediary: String\n    accountNumIntermediary: String\n    accountTypeIntermediary: AccountType\n    beneficiaryIntermediary: String\n    memoIntermediary: String\n}"
      },
      "scope": "global",
      "id": "c9a94d28-a162-485a-aa95-c6ee447debc2",
      "index": 47,
      "timestamp": "2024-10-29T09:42:44.953Z",
      "hash": "MwSEeTCZ0xFq0bwr+kAHfE9MrJQ=",
      "skip": 0
    },
    {
      "type": "SET_OPERATION_SCHEMA",
      "input": {
        "id": "QFPrzmTmlhHo/+NahqpSAcDxTKA=",
        "schema": "input EditPayerBankInput {\n    name: String\n    streetAddress: String\n    extendedAddress: String\n    city: String\n    postalCode: String\n    country: String\n    stateProvince: String\n    tel: String\n    email: String\n    ABA: String\n    IBAN: String\n    SWIFT: String\n    accountNum: String\n    accountType: AccountType\n    beneficiary: String\n    memo: String\n    # intermediaryBank\n    nameIntermediary: String\n    streetAddressIntermediary: String\n    extendedAddressIntermediary: String\n    cityIntermediary: String\n    postalCodeIntermediary: String\n    countryIntermediary: String\n    stateProvinceIntermediary: String\n    telIntermediary: String\n    emailIntermediary: String\n    ABAIntermediary: String\n    IBANIntermediary: String\n    SWIFTIntermediary: String\n    accountNumIntermediary: String\n    accountTypeIntermediary: AccountType\n    beneficiaryIntermediary: String\n    memoIntermediary: String\n}"
      },
      "scope": "global",
      "id": "a025a82e-ba4d-49ad-922d-8bf430d8926a",
      "index": 48,
      "timestamp": "2024-10-29T09:42:46.890Z",
      "hash": "MwSEeTCZ0xFq0bwr+kAHfE9MrJQ=",
      "skip": 0
    },
    {
      "type": "ADD_OPERATION",
      "input": {
        "id": "H0UeZpA0hpFymYIfxJVQ8+B9CKM=",
        "moduleId": "sSVjeGG79S3+LIZkVmxI3DtvO40=",
        "name": "EDIT_PAYER_WALLET"
      },
      "scope": "global",
      "id": "3655565f-760a-4b0d-b97e-cfc57ec848c2",
      "index": 49,
      "timestamp": "2024-10-29T09:42:58.966Z",
      "hash": "YtEIzqOH5iptE1hwz2hzfr1/yNE=",
      "skip": 0
    },
    {
      "type": "SET_OPERATION_SCHEMA",
      "input": {
        "id": "H0UeZpA0hpFymYIfxJVQ8+B9CKM=",
        "schema": "input EditPayerWalletInput {\n    rpc: String\n    chainName: String\n    chainId: String\n    address: String\n}"
      },
      "scope": "global",
      "id": "ae7c5f26-bbcc-493b-8c8d-7781e679c177",
      "index": 50,
      "timestamp": "2024-10-29T09:43:01.507Z",
      "hash": "XRzkQu2/GS0HisMfq6UlCKckuO8=",
      "skip": 0
    },
    {
      "type": "SET_OPERATION_SCHEMA",
      "input": {
        "id": "H0UeZpA0hpFymYIfxJVQ8+B9CKM=",
        "schema": "input EditPayerWalletInput {\n    rpc: String\n    chainName: String\n    chainId: String\n    address: String\n}"
      },
      "scope": "global",
      "id": "90026fd0-a02e-4c6d-9b60-d4e25b94f62c",
      "index": 51,
      "timestamp": "2024-10-29T09:43:03.066Z",
      "hash": "XRzkQu2/GS0HisMfq6UlCKckuO8=",
      "skip": 0
    },
    {
      "type": "ADD_MODULE",
      "input": {
        "id": "4NJBGU2HoZh4EIZu089UUHrtz3k=",
        "name": "items"
      },
      "scope": "global",
      "id": "0f0469a8-b8a1-4400-9d65-c6b4b66ded2d",
      "index": 52,
      "timestamp": "2024-10-29T09:43:10.642Z",
      "hash": "IZAdQNdx0m8//Htf0uZRHBjgfqc=",
      "skip": 0
    },
    {
      "type": "ADD_OPERATION",
      "input": {
        "id": "Uug0bYaVuhpAnzooXUNocIT1xFs=",
        "moduleId": "4NJBGU2HoZh4EIZu089UUHrtz3k=",
        "name": "ADD_LINE_ITEM"
      },
      "scope": "global",
      "id": "2cca89af-f922-41c1-9f8e-b2c7b62ff9b1",
      "index": 53,
      "timestamp": "2024-10-29T09:43:22.525Z",
      "hash": "eZSnX1YaQXG3Ll0pDapjdkQMc18=",
      "skip": 0
    },
    {
      "type": "SET_OPERATION_SCHEMA",
      "input": {
        "id": "Uug0bYaVuhpAnzooXUNocIT1xFs=",
        "schema": "input AddLineItemInput {\n    id: OID!\n    description: String!\n    taxPercent: Float!\n    quantity: Float!\n    currency: String!\n    unitPriceTaxExcl: Float!\n    unitPriceTaxIncl: Float!\n    totalPriceTaxExcl: Float!\n    totalPriceTaxIncl: Float!\n}"
      },
      "scope": "global",
      "id": "3b32ee67-06d4-4524-bb13-0e57e0a74fb1",
      "index": 54,
      "timestamp": "2024-10-29T09:43:25.237Z",
      "hash": "qWS4pdZGe8oogF47jGsqM0Pyh7A=",
      "skip": 0
    },
    {
      "type": "SET_OPERATION_SCHEMA",
      "input": {
        "id": "Uug0bYaVuhpAnzooXUNocIT1xFs=",
        "schema": "input AddLineItemInput {\n    id: OID!\n    description: String!\n    taxPercent: Float!\n    quantity: Float!\n    currency: String!\n    unitPriceTaxExcl: Float!\n    unitPriceTaxIncl: Float!\n    totalPriceTaxExcl: Float!\n    totalPriceTaxIncl: Float!\n}"
      },
      "scope": "global",
      "id": "ff5fcdbd-9414-4fa2-9f2a-87217a69fd10",
      "index": 55,
      "timestamp": "2024-10-29T09:43:26.582Z",
      "hash": "qWS4pdZGe8oogF47jGsqM0Pyh7A=",
      "skip": 0
    },
    {
      "type": "ADD_OPERATION",
      "input": {
        "id": "G3L4KHlULQ7f92oFsKDD4mia58c=",
        "moduleId": "4NJBGU2HoZh4EIZu089UUHrtz3k=",
        "name": "EDIT_LINE_ITEM"
      },
      "scope": "global",
      "id": "ba6b0a58-b20a-4fbc-92d6-4e0746fcf554",
      "index": 56,
      "timestamp": "2024-10-29T09:43:50.254Z",
      "hash": "RfftZHpnNElpgzn5xuLRbQB3Id8=",
      "skip": 0
    },
    {
      "type": "SET_OPERATION_SCHEMA",
      "input": {
        "id": "G3L4KHlULQ7f92oFsKDD4mia58c=",
        "schema": "input EditLineItemInput {\n    id: OID!\n    description: String!\n    taxPercent: Float!\n    quantity: Float!\n    currency: String!\n    unitPriceTaxExcl: Float!\n    unitPriceTaxIncl: Float!\n    totalPriceTaxExcl: Float!\n    totalPriceTaxIncl: Float!\n}"
      },
      "scope": "global",
      "id": "b55e6dbd-89e5-4fa6-8e5c-a0cad5fcd5cf",
      "index": 57,
      "timestamp": "2024-10-29T09:44:08.259Z",
      "hash": "UNEpDasi1Vapgdp74LVvmnZP5fo=",
      "skip": 0
    },
    {
      "type": "SET_OPERATION_SCHEMA",
      "input": {
        "id": "G3L4KHlULQ7f92oFsKDD4mia58c=",
        "schema": "input EditLineItemInput {\n    id: OID!\n    description: String!\n    taxPercent: Float!\n    quantity: Float!\n    currency: String!\n    unitPriceTaxExcl: Float!\n    unitPriceTaxIncl: Float!\n    totalPriceTaxExcl: Float!\n    totalPriceTaxIncl: Float!\n}"
      },
      "scope": "global",
      "id": "e7f1fec7-cf67-4562-ba99-26e4977bb5bf",
      "index": 58,
      "timestamp": "2024-10-29T09:44:09.516Z",
      "hash": "UNEpDasi1Vapgdp74LVvmnZP5fo=",
      "skip": 0
    },
    {
      "type": "ADD_OPERATION",
      "input": {
        "id": "4PcVF6OFJ8rbvKzVdF1Q00LDQkY=",
        "moduleId": "4NJBGU2HoZh4EIZu089UUHrtz3k=",
        "name": "DELETE_LINE_ITEM"
      },
      "scope": "global",
      "id": "0a3c3cd9-556b-4387-bd89-0bcda3ec4d6c",
      "index": 59,
      "timestamp": "2024-10-29T09:44:18.749Z",
      "hash": "m7d8ZvqG0yOAy7N00/kNFEsnRVE=",
      "skip": 0
    },
    {
      "type": "SET_OPERATION_SCHEMA",
      "input": {
        "id": "4PcVF6OFJ8rbvKzVdF1Q00LDQkY=",
        "schema": "input DeleteLineItemInput {\n    id: OID!\n\n}"
      },
      "scope": "global",
      "id": "15872153-1ca4-4214-83f7-a0af3237fe0f",
      "index": 60,
      "timestamp": "2024-10-29T09:44:21.959Z",
      "hash": "AeSPHQ2aI05uRlpFcdCCX2ODoOo=",
      "skip": 0
    },
    {
      "type": "SET_OPERATION_SCHEMA",
      "input": {
        "id": "4PcVF6OFJ8rbvKzVdF1Q00LDQkY=",
        "schema": "input DeleteLineItemInput {\n    id: OID!\n}"
      },
      "scope": "global",
      "id": "06c2e280-5072-4497-a33a-f80c3146c045",
      "index": 61,
      "timestamp": "2024-10-29T09:44:23.373Z",
      "hash": "gEYOmDHXN6ykmOdMAwxaoeBgOZc=",
      "skip": 0
    },
    {
      "type": "SET_OPERATION_SCHEMA",
      "input": {
        "id": "4PcVF6OFJ8rbvKzVdF1Q00LDQkY=",
        "schema": "input DeleteLineItemInput {\n    id: OID!\n}"
      },
      "scope": "global",
      "id": "4fdb2ba4-a23b-47da-9076-98429302d523",
      "index": 62,
      "timestamp": "2024-10-29T09:44:24.439Z",
      "hash": "gEYOmDHXN6ykmOdMAwxaoeBgOZc=",
      "skip": 0
    },
    {
      "type": "SET_INITIAL_STATE",
      "input": {
        "initialValue": "{\n  \"invoiceNo\": \"\",\n  \"dateIssued\": \"\",\n  \"dateDue\": \"\",\n  \"dateDelivered\": \"\",\n  \"title\": \"\",\n  \"status\": \"DRAFT\",\n  \"refs\": [],\n  \"issuer\": {\n    \"id\": null,\n    \"name\": \"\",\n    \"address\": {\n      \"streetAddress\": \"\",\n      \"extendedAddress\": \"\",\n      \"city\": \"\",\n      \"postalCode\": \"\",\n      \"country\": \"\",\n      \"stateProvince\": \"\"\n    },\n    \"contactInfo\": {\n      \"tel\": \"\",\n      \"email\": \"\"\n    },\n    \"country\": \"\",\n    \"paymentRouting\": {\n      \"bank\": {\n        \"name\": \"\",\n        \"address\": {\n          \"streetAddress\": \"\",\n          \"extendedAddress\": \"\",\n          \"city\": \"\",\n          \"postalCode\": \"\",\n          \"country\": \"\",\n          \"stateProvince\": \"\"\n        },\n        \"contact\": {\n          \"tel\": \"\",\n          \"email\": \"\"\n        },\n        \"ABA\": \"\",\n        \"IBAN\": \"\",\n        \"SWIFT\": \"\",\n        \"accountNum\": \"\",\n        \"accountType\": \"CHECKING\",\n        \"beneficiary\": \"\",\n        \"intermediaryBank\": {\n          \"name\": \"\",\n          \"address\": {\n            \"streetAddress\": \"\",\n            \"extendedAddress\": \"\",\n            \"city\": \"\",\n            \"postalCode\": \"\",\n            \"country\": \"\",\n            \"stateProvince\": \"\"\n          },\n          \"contact\": {\n            \"tel\": \"\",\n            \"email\": \"\"\n          },\n          \"ABA\": \"\",\n          \"IBAN\": \"\",\n          \"SWIFT\": \"\",\n          \"accountNum\": \"\",\n          \"accountType\": \"CHECKING\",\n          \"beneficiary\": \"\",\n          \"memo\": \"\"\n        },\n        \"memo\": \"\"\n      },\n      \"wallet\": {\n        \"rpc\": \"\",\n        \"chainName\": \"\",\n        \"chainId\": \"\",\n        \"address\": \"\"\n      }\n    }\n  },\n  \"payer\": {\n    \"id\": null,\n    \"name\": \"\",\n    \"address\": {\n      \"streetAddress\": \"\",\n      \"extendedAddress\": \"\",\n      \"city\": \"\",\n      \"postalCode\": \"\",\n      \"country\": \"\",\n      \"stateProvince\": \"\"\n    },\n    \"contactInfo\": {\n      \"tel\": \"\",\n      \"email\": \"\"\n    },\n    \"country\": \"\",\n    \"paymentRouting\": {\n      \"bank\": {\n        \"name\": \"\",\n        \"address\": {\n          \"streetAddress\": \"\",\n          \"extendedAddress\": \"\",\n          \"city\": \"\",\n          \"postalCode\": \"\",\n          \"country\": \"\",\n          \"stateProvince\": \"\"\n        },\n        \"contact\": {\n          \"tel\": \"\",\n          \"email\": \"\"\n        },\n        \"ABA\": \"\",\n        \"IBAN\": \"\",\n        \"SWIFT\": \"\",\n        \"accountNum\": \"\",\n        \"accountType\": \"CHECKING\",\n        \"beneficiary\": \"\",\n        \"intermediaryBank\": {\n          \"name\": \"\",\n          \"address\": {\n            \"streetAddress\": \"\",\n            \"extendedAddress\": \"\",\n            \"city\": \"\",\n            \"postalCode\": \"\",\n            \"country\": \"\",\n            \"stateProvince\": \"\"\n          },\n          \"contact\": {\n            \"tel\": \"\",\n            \"email\": \"\"\n          },\n          \"ABA\": \"\",\n          \"IBAN\": \"\",\n          \"SWIFT\": \"\",\n          \"accountNum\": \"\",\n          \"accountType\": \"CHECKING\",\n          \"beneficiary\": \"\",\n          \"memo\": \"\"\n        },\n        \"memo\": \"\"\n      },\n      \"wallet\": {\n        \"rpc\": \"\",\n        \"chainName\": \"\",\n        \"chainId\": \"\",\n        \"address\": \"\"\n      }\n    }\n  },\n  \"currency\": \"\",\n  \"lineItems\": [],\n  \"totalPriceTaxExcl\": 0,\n  \"totalPriceTaxIncl\": 0\n}",
        "scope": "global"
      },
      "scope": "global",
      "id": "87ff3b98-1510-48a6-b40a-ef41ed861f4f",
      "index": 63,
      "timestamp": "2024-10-29T09:44:32.082Z",
      "hash": "gEYOmDHXN6ykmOdMAwxaoeBgOZc=",
      "skip": 0
    }
  ],
  "local": []
}