{
  "global": [
    {
      "type": "SET_MODEL_NAME",
      "input": {
        "name": "legal-entity-model"
      },
      "scope": "global",
      "id": "8c30bebb-8687-422d-a991-e1b6a5f18842",
      "index": 0,
      "timestamp": "2024-12-05T22:54:25.829Z",
      "hash": "lk+NJbAsT893lYmf/nMyU/k5UEU=",
      "skip": 0
    },
    {
      "type": "SET_STATE_SCHEMA",
      "input": {
        "schema": "type LegalEntityModelState {\n  \"Add your global state fields here\"\n  _placeholder: String\n}",
        "scope": "global"
      },
      "scope": "global",
      "id": "f7817d85-1405-4684-910e-1815d8d70fd4",
      "index": 1,
      "timestamp": "2024-12-05T22:54:25.830Z",
      "hash": "8yGecQvH6Er9vlo5H68GhcSHFuY=",
      "skip": 0
    },
    {
      "type": "SET_MODEL_ID",
      "input": {
        "id": "Legal-entity"
      },
      "scope": "global",
      "id": "2a6a54ac-1a7a-472c-ad7d-a5f6c6cb960b",
      "index": 2,
      "timestamp": "2024-12-05T22:54:39.774Z",
      "hash": "xkmg6ka03D73uNQ5usdVrNjNp7M=",
      "skip": 0
    },
    {
      "type": "SET_AUTHOR_NAME",
      "input": {
        "authorName": "zeroknowledgetruth"
      },
      "scope": "global",
      "id": "d1879857-226d-4c7c-ae9c-88b81052d01e",
      "index": 3,
      "timestamp": "2024-12-05T22:54:46.464Z",
      "hash": "bWLxwSwWTU5fgMiHg3QZHeV67EY=",
      "skip": 0
    },
    {
      "type": "SET_MODEL_DESCRIPTION",
      "input": {
        "description": "Legal entity"
      },
      "scope": "global",
      "id": "ae8c6a77-fdf3-4e6a-ab31-36bf9ab0fe62",
      "index": 4,
      "timestamp": "2024-12-05T22:55:07.274Z",
      "hash": "pnL39pozBzYRdHNEEyd6OpanNi4=",
      "skip": 0
    },
    {
      "type": "SET_STATE_SCHEMA",
      "input": {
        "schema": "type LegalEntityModelState {\n    id: LegalEntityId\n    name: String\n    address: Address\n    contactInfo: ContactInfo\n    country: String\n    paymentRouting: PaymentRouting\n}",
        "scope": "global"
      },
      "scope": "global",
      "id": "d29bd29a-6a74-452d-b6e4-595e96243020",
      "index": 5,
      "timestamp": "2024-12-05T22:56:18.297Z",
      "hash": "YXavLY2/ZcEci6zfmxBW9yrL8TQ=",
      "skip": 0
    },
    {
      "type": "SET_STATE_SCHEMA",
      "input": {
        "schema": "type LegalEntityModelState {\n    id: LegalEntityId\n    name: String\n    address: Address\n    contactInfo: ContactInfo\n    country: String\n    paymentRouting: PaymentRouting\n}\n\ntype Address {\n    streetAddress: String\n    extendedAddress: String\n    city: String\n    postalCode: String\n    country: String\n    stateProvince: String\n}\n\ntype ContactInfo {\n    tel: String\n    email: String\n}\n\ntype PaymentRouting {\n    bank: Bank\n    wallet: Wallet\n}\n\ntype Bank {\n    name: String!\n    address: Address!\n    ABA: String\n    IBAN: String\n    SWIFT: String\n    accountNum: String!\n    accountType: AccountType\n    beneficiary: String\n    intermediaryBank: IntermediaryBank\n    memo: String\n}\n\ntype IntermediaryBank {\n    name: String!\n    address: Address!\n    ABA: String\n    IBAN: String\n    SWIFT: String\n    accountNum: String!\n    accountType: AccountType\n    beneficiary: String\n    memo: String\n}\n\ntype Wallet {\n    rpc: String\n    chainName: String\n    chainId: String\n    address: String\n}",
        "scope": "global"
      },
      "scope": "global",
      "id": "a9ce09cd-f0f4-451e-b87c-b9805496097c",
      "index": 6,
      "timestamp": "2024-12-05T22:56:33.031Z",
      "hash": "KDzvvQmviGTerkkM6ZSi4ICET1I=",
      "skip": 0
    },
    {
      "type": "SET_STATE_SCHEMA",
      "input": {
        "schema": "type LegalEntityModelState {\n    id: LegalEntityId\n    name: String\n    address: Address\n    contactInfo: ContactInfo\n    country: String\n    paymentRouting: PaymentRouting\n}\n\ntype Address {\n    streetAddress: String\n    extendedAddress: String\n    city: String\n    postalCode: String\n    country: String\n    stateProvince: String\n}\n\ntype ContactInfo {\n    tel: String\n    email: String\n}\n\ntype PaymentRouting {\n    bank: Bank\n    wallet: Wallet\n}\n\ntype Bank {\n    name: String!\n    address: Address!\n    ABA: String\n    IBAN: String\n    SWIFT: String\n    accountNum: String!\n    accountType: AccountType\n    beneficiary: String\n    intermediaryBank: IntermediaryBank\n    memo: String\n}\n\ntype IntermediaryBank {\n    name: String!\n    address: Address!\n    ABA: String\n    IBAN: String\n    SWIFT: String\n    accountNum: String!\n    accountType: AccountType\n    beneficiary: String\n    memo: String\n}\n\ntype Wallet {\n    rpc: String\n    chainName: String\n    chainId: String\n    address: String\n}\n\nunion LegalEntityId = LegalEntityTaxId | LegalEntityCorporateRegistrationId\n\n",
        "scope": "global"
      },
      "scope": "global",
      "id": "e038fb99-8922-4f8d-b92d-fac85c509b4b",
      "index": 7,
      "timestamp": "2024-12-05T22:56:46.136Z",
      "hash": "7vSOUZvRfS2lMYduIvov+/lyy4E=",
      "skip": 0
    },
    {
      "type": "SET_STATE_SCHEMA",
      "input": {
        "schema": "type LegalEntityModelState {\n    id: LegalEntityId\n    name: String\n    address: Address\n    contactInfo: ContactInfo\n    country: String\n    paymentRouting: PaymentRouting\n}\n\ntype Address {\n    streetAddress: String\n    extendedAddress: String\n    city: String\n    postalCode: String\n    country: String\n    stateProvince: String\n}\n\ntype ContactInfo {\n    tel: String\n    email: String\n}\n\ntype PaymentRouting {\n    bank: Bank\n    wallet: Wallet\n}\n\ntype Bank {\n    name: String!\n    address: Address!\n    ABA: String\n    IBAN: String\n    SWIFT: String\n    accountNum: String!\n    accountType: AccountType\n    beneficiary: String\n    intermediaryBank: IntermediaryBank\n    memo: String\n}\n\ntype IntermediaryBank {\n    name: String!\n    address: Address!\n    ABA: String\n    IBAN: String\n    SWIFT: String\n    accountNum: String!\n    accountType: AccountType\n    beneficiary: String\n    memo: String\n}\n\ntype Wallet {\n    rpc: String\n    chainName: String\n    chainId: String\n    address: String\n}\n\nunion LegalEntityId = LegalEntityTaxId | LegalEntityCorporateRegistrationId\n\nenum AccountType {\n    CHECKING\n    SAVINGS\n    TRUST\n    WALLET\n}",
        "scope": "global"
      },
      "scope": "global",
      "id": "87fcd3cb-efbd-471d-9bd5-1be32ad9b814",
      "index": 8,
      "timestamp": "2024-12-05T22:56:52.296Z",
      "hash": "deoYWT3BSfWLSBOMuiNH/IcAjlY=",
      "skip": 0
    },
    {
      "type": "SET_STATE_SCHEMA",
      "input": {
        "schema": "type LegalEntityModelState {\n    id: LegalEntityId\n    name: String\n    address: Address\n    contactInfo: ContactInfo\n    country: String\n    paymentRouting: PaymentRouting\n}\n\ntype Address {\n    streetAddress: String\n    extendedAddress: String\n    city: String\n    postalCode: String\n    country: String\n    stateProvince: String\n}\n\ntype ContactInfo {\n    tel: String\n    email: String\n}\n\ntype PaymentRouting {\n    bank: Bank\n    wallet: Wallet\n}\n\ntype Bank {\n    name: String!\n    address: Address!\n    ABA: String\n    IBAN: String\n    SWIFT: String\n    accountNum: String!\n    accountType: AccountType\n    beneficiary: String\n    intermediaryBank: IntermediaryBank\n    memo: String\n}\n\ntype IntermediaryBank {\n    name: String!\n    address: Address!\n    ABA: String\n    IBAN: String\n    SWIFT: String\n    accountNum: String!\n    accountType: AccountType\n    beneficiary: String\n    memo: String\n}\n\ntype Wallet {\n    rpc: String\n    chainName: String\n    chainId: String\n    address: String\n}\n\nunion LegalEntityId = LegalEntityTaxId | LegalEntityCorporateRegistrationId\n\ntype LegalEntityTaxId {\n    taxId: String!\n}\n\ntype LegalEntityCorporateRegistrationId {\n    corpRegId: String!\n}\n\nenum AccountType {\n    CHECKING\n    SAVINGS\n    TRUST\n    WALLET\n}",
        "scope": "global"
      },
      "scope": "global",
      "id": "e5bfe8c0-2bd5-4596-861e-08fac16920c8",
      "index": 9,
      "timestamp": "2024-12-05T22:56:57.886Z",
      "hash": "vkrbOWr4Ya7As3g/CJXEAYtrb2M=",
      "skip": 0
    },
    {
      "type": "SET_STATE_SCHEMA",
      "input": {
        "schema": "type LegalEntityModelState {\n    id: LegalEntityId\n    name: String\n    address: Address\n    contactInfo: ContactInfo\n    country: String\n    paymentRouting: PaymentRouting\n}\n\ntype Address {\n    streetAddress: String\n    extendedAddress: String\n    city: String\n    postalCode: String\n    country: String\n    stateProvince: String\n}\n\ntype ContactInfo {\n    tel: String\n    email: String\n}\n\ntype PaymentRouting {\n    bank: Bank\n    wallet: Wallet\n}\n\ntype Bank {\n    name: String!\n    address: Address!\n    ABA: String\n    IBAN: String\n    SWIFT: String\n    accountNum: String!\n    accountType: AccountType\n    beneficiary: String\n    intermediaryBank: IntermediaryBank\n    memo: String\n}\n\ntype IntermediaryBank {\n    name: String!\n    address: Address!\n    ABA: String\n    IBAN: String\n    SWIFT: String\n    accountNum: String!\n    accountType: AccountType\n    beneficiary: String\n    memo: String\n}\n\ntype Wallet {\n    rpc: String\n    chainName: String\n    chainId: String\n    address: String\n}\n\nunion LegalEntityId = LegalEntityTaxId | LegalEntityCorporateRegistrationId\n\ntype LegalEntityTaxId {\n    taxId: String!\n}\n\ntype LegalEntityCorporateRegistrationId {\n    corpRegId: String!\n}\n",
        "scope": "global"
      },
      "scope": "global",
      "id": "9ca2d0fb-e51c-4633-910f-970d1b75188f",
      "index": 10,
      "timestamp": "2024-12-05T22:58:03.457Z",
      "hash": "Zy0UlnTB1HS0qXVxv2FzlZzFJ8o=",
      "skip": 0
    },
    {
      "type": "SET_STATE_SCHEMA",
      "input": {
        "schema": "type LegalEntityModelState {\n    id: LegalEntityId\n    name: String\n    address: Address\n    contactInfo: ContactInfo\n    country: String\n    paymentRouting: PaymentRouting\n}\n\ntype Address {\n    streetAddress: String\n    extendedAddress: String\n    city: String\n    postalCode: String\n    country: String\n    stateProvince: String\n}\n\ntype ContactInfo {\n    tel: String\n    email: String\n}\n\ntype PaymentRouting {\n    bank: Bank\n    wallet: Wallet\n}\n\ntype Bank {\n    name: String!\n    address: Address!\n    ABA: String\n    IBAN: String\n    SWIFT: String\n    accountNum: String!\n    accountType: AccountType\n    beneficiary: String\n    intermediaryBank: IntermediaryBank\n    memo: String\n}\n\ntype IntermediaryBank {\n    name: String!\n    address: Address!\n    ABA: String\n    IBAN: String\n    SWIFT: String\n    accountNum: String!\n    accountType: AccountType\n    beneficiary: String\n    memo: String\n}\n\ntype Wallet {\n    rpc: String\n    chainName: String\n    chainId: String\n    address: String\n}\n\nunion LegalEntityId = LegalEntityTaxId | LegalEntityCorporateRegistrationId\n\ntype LegalEntityTaxId {\n    taxId: String!\n}\n\ntype LegalEntityCorporateRegistrationId {\n    corpRegId: String!\n}\n\nenum AccountType {\n    CHECKING\n    SAVINGS\n    TRUST\n    WALLET\n}",
        "scope": "global"
      },
      "scope": "global",
      "id": "d4ffb985-d960-4146-8c9a-3432934867bb",
      "index": 11,
      "timestamp": "2024-12-05T22:58:15.494Z",
      "hash": "vkrbOWr4Ya7As3g/CJXEAYtrb2M=",
      "skip": 0
    },
    {
      "type": "SET_MODEL_NAME",
      "input": {
        "name": "legal-entity"
      },
      "scope": "global",
      "id": "23336cda-6452-47a9-b298-7a87a55faaa4",
      "index": 12,
      "timestamp": "2024-12-05T22:58:59.244Z",
      "hash": "6XvE5edjn9w5F5dxYNtvTy1d8xo=",
      "skip": 0
    },
    {
      "type": "SET_STATE_SCHEMA",
      "input": {
        "schema": "type LegalEntityState {\n  id: LegalEntityId\n  name: String\n  address: Address\n  contactInfo: ContactInfo\n  country: String\n  paymentRouting: PaymentRouting\n}\n\ntype Address {\n  streetAddress: String\n  extendedAddress: String\n  city: String\n  postalCode: String\n  country: String\n  stateProvince: String\n}\n\ntype ContactInfo {\n  tel: String\n  email: String\n}\n\ntype PaymentRouting {\n  bank: Bank\n  wallet: Wallet\n}\n\ntype Bank {\n  name: String!\n  address: Address!\n  ABA: String\n  IBAN: String\n  SWIFT: String\n  accountNum: String!\n  accountType: AccountType\n  beneficiary: String\n  intermediaryBank: IntermediaryBank\n  memo: String\n}\n\ntype IntermediaryBank {\n  name: String!\n  address: Address!\n  ABA: String\n  IBAN: String\n  SWIFT: String\n  accountNum: String!\n  accountType: AccountType\n  beneficiary: String\n  memo: String\n}\n\ntype Wallet {\n  rpc: String\n  chainName: String\n  chainId: String\n  address: String\n}\n\nunion LegalEntityId = LegalEntityTaxId | LegalEntityCorporateRegistrationId\n\ntype LegalEntityTaxId {\n  taxId: String!\n}\n\ntype LegalEntityCorporateRegistrationId {\n  corpRegId: String!\n}\n\nenum AccountType {\n  CHECKING\n  SAVINGS\n  TRUST\n  WALLET\n}",
        "scope": "global"
      },
      "scope": "global",
      "id": "c73866a6-4522-4473-a29e-fd27c66c9f1f",
      "index": 13,
      "timestamp": "2024-12-05T22:58:59.250Z",
      "hash": "o9x/mcD2uuEq1iTMHgPsgixVOl4=",
      "skip": 0
    },
    {
      "type": "SET_STATE_SCHEMA",
      "input": {
        "schema": "type LegalEntityState {\n  id: LegalEntityId\n  name: String\n  address: Address\n  contactInfo: ContactInfo\n  country: String\n  paymentRouting: PaymentRouting\n}\n\ntype Address {\n  streetAddress: String\n  extendedAddress: String\n  city: String\n  postalCode: String\n  country: String\n  stateProvince: String\n}\n\ntype ContactInfo {\n  tel: String\n  email: String\n}\n\ntype PaymentRouting {\n  bank: Bank\n  wallet: Wallet\n}\n\ntype Bank {\n  name: String!\n  address: Address!\n  ABA: String\n  IBAN: String\n  SWIFT: String\n  accountNum: String!\n  accountType: AccountType\n  beneficiary: String\n  intermediaryBank: IntermediaryBank\n  memo: String\n}\n\ntype IntermediaryBank {\n  name: String!\n  address: Address!\n  ABA: String\n  IBAN: String\n  SWIFT: String\n  accountNum: String!\n  accountType: AccountType\n  beneficiary: String\n  memo: String\n}\n\ntype Wallet {\n  rpc: String\n  chainName: String\n  chainId: String\n  address: String\n}\n\nunion LegalEntityId = LegalEntityTaxId | LegalEntityCorporateRegistrationId\n\ntype LegalEntityTaxId {\n  taxId: String!\n}\n\ntype LegalEntityCorporateRegistrationId {\n  corpRegId: String!\n}\n\nenum AccountType {\n  CHECKING\n  SAVINGS\n  TRUST\n  WALLET\n}",
        "scope": "global"
      },
      "scope": "global",
      "id": "7992f798-9115-45cc-9ad9-f8b7f9ffe936",
      "index": 14,
      "timestamp": "2024-12-05T22:58:59.250Z",
      "hash": "o9x/mcD2uuEq1iTMHgPsgixVOl4=",
      "skip": 0
    },
    {
      "type": "ADD_MODULE",
      "input": {
        "id": "KoJiL/35+KQ4YlImAHnAiTCQB4w=",
        "name": "general"
      },
      "scope": "global",
      "id": "34dff6e4-50ea-491c-b593-28f43f844d81",
      "index": 15,
      "timestamp": "2024-12-05T22:59:23.081Z",
      "hash": "2ezYCU2e55eJTk83iFWMjw/KGjE=",
      "skip": 0
    },
    {
      "type": "ADD_OPERATION",
      "input": {
        "id": "Mx96pXzMM3jcyozee37nxR8eLN0=",
        "moduleId": "KoJiL/35+KQ4YlImAHnAiTCQB4w=",
        "name": "EDIT_LEGAL_ENTITY"
      },
      "scope": "global",
      "id": "f6e7a837-d208-4725-84e9-f9397f6d349e",
      "index": 16,
      "timestamp": "2024-12-05T22:59:30.572Z",
      "hash": "6iS7TOpzYJsi5ueIuvbUYxXMXF4=",
      "skip": 0
    },
    {
      "type": "SET_OPERATION_SCHEMA",
      "input": {
        "id": "Mx96pXzMM3jcyozee37nxR8eLN0=",
        "schema": "input EditLegalEntityInput {\n  \"Add your inputs here\"\n  _placeholder: String\n}"
      },
      "scope": "global",
      "id": "a13af64c-de4b-4de6-894c-db3b4c29f9f3",
      "index": 17,
      "timestamp": "2024-12-05T22:59:30.601Z",
      "hash": "VmS0/Qb01IYXhyUsN6zzVb9Mxt0=",
      "skip": 0
    },
    {
      "type": "SET_OPERATION_SCHEMA",
      "input": {
        "id": "Mx96pXzMM3jcyozee37nxR8eLN0=",
        "schema": ""
      },
      "scope": "global",
      "id": "0b0780eb-2584-4827-b9a4-1e7e727197de",
      "index": 18,
      "timestamp": "2024-12-05T22:59:35.704Z",
      "hash": "6iS7TOpzYJsi5ueIuvbUYxXMXF4=",
      "skip": 0
    },
    {
      "type": "SET_OPERATION_SCHEMA",
      "input": {
        "id": "Mx96pXzMM3jcyozee37nxR8eLN0=",
        "schema": ""
      },
      "scope": "global",
      "id": "422ce122-973e-4ca7-90e1-8b511f27e7a8",
      "index": 19,
      "timestamp": "2024-12-05T22:59:51.153Z",
      "hash": "6iS7TOpzYJsi5ueIuvbUYxXMXF4=",
      "skip": 0
    },
    {
      "type": "SET_OPERATION_SCHEMA",
      "input": {
        "id": "Mx96pXzMM3jcyozee37nxR8eLN0=",
        "schema": ""
      },
      "scope": "global",
      "id": "bdcb0eb1-f51f-47f0-a384-a71f775691bc",
      "index": 20,
      "timestamp": "2024-12-05T23:00:08.354Z",
      "hash": "6iS7TOpzYJsi5ueIuvbUYxXMXF4=",
      "skip": 0
    },
    {
      "type": "SET_OPERATION_SCHEMA",
      "input": {
        "id": "Mx96pXzMM3jcyozee37nxR8eLN0=",
        "schema": ""
      },
      "scope": "global",
      "id": "8270a24e-3759-47ce-8edd-718e67f36214",
      "index": 21,
      "timestamp": "2024-12-05T23:00:14.522Z",
      "hash": "6iS7TOpzYJsi5ueIuvbUYxXMXF4=",
      "skip": 0
    },
    {
      "type": "SET_OPERATION_SCHEMA",
      "input": {
        "id": "Mx96pXzMM3jcyozee37nxR8eLN0=",
        "schema": "input EditLegalEntityInput {\n    id: String\n    name: String\n    streetAddress: String\n    extendedAddress: String\n    city: String\n    postalCode: String\n    country: String\n    stateProvince: String\n    tel: String\n    email: String\n}\n"
      },
      "scope": "global",
      "id": "30922afb-a219-4872-b1b7-7303848076d1",
      "index": 22,
      "timestamp": "2024-12-05T23:00:22.340Z",
      "hash": "s5/0wd+yK6Dx0HZt9be0aiYXG9c=",
      "skip": 0
    },
    {
      "type": "ADD_OPERATION",
      "input": {
        "id": "AsHW9z4pZrcMpcA3bh83xL70xwQ=",
        "moduleId": "KoJiL/35+KQ4YlImAHnAiTCQB4w=",
        "name": "EDIT_LEGAL_ENTITY_BANK"
      },
      "scope": "global",
      "id": "562ed4cb-dd7e-479f-b2c5-bec80989a337",
      "index": 23,
      "timestamp": "2024-12-05T23:00:41.202Z",
      "hash": "EUjcoVKCnSj2k3YGesmFEZhRDYQ=",
      "skip": 0
    },
    {
      "type": "SET_OPERATION_SCHEMA",
      "input": {
        "id": "AsHW9z4pZrcMpcA3bh83xL70xwQ=",
        "schema": "input EditLegalEntityBankInput {\n  \"Add your inputs here\"\n  _placeholder: String\n}"
      },
      "scope": "global",
      "id": "2bc97ea5-9d27-47f3-8dcd-abd372938458",
      "index": 24,
      "timestamp": "2024-12-05T23:00:41.226Z",
      "hash": "5VJCJuYy2AbHeB0PTznN09tB79Q=",
      "skip": 0
    },
    {
      "type": "SET_OPERATION_SCHEMA",
      "input": {
        "id": "AsHW9z4pZrcMpcA3bh83xL70xwQ=",
        "schema": ""
      },
      "scope": "global",
      "id": "e18e9ed5-4102-45be-b18d-9d36611eeebd",
      "index": 25,
      "timestamp": "2024-12-05T23:00:45.594Z",
      "hash": "EUjcoVKCnSj2k3YGesmFEZhRDYQ=",
      "skip": 0
    },
    {
      "type": "SET_OPERATION_SCHEMA",
      "input": {
        "id": "AsHW9z4pZrcMpcA3bh83xL70xwQ=",
        "schema": "input EditLegalEntityBankInput {\n    name: String\n    streetAddress: String\n    extendedAddress: String\n    city: String\n    postalCode: String\n    country: String\n    stateProvince: String\n    ABA: String\n    IBAN: String\n    SWIFT: String\n    accountNum: String\n    accountType: AccountType\n    beneficiary: String\n    memo: String\n    # intermediaryBank\n    nameIntermediary: String\n    streetAddressIntermediary: String\n    extendedAddressIntermediary: String\n    cityIntermediary: String\n    postalCodeIntermediary: String\n    countryIntermediary: String\n    stateProvinceIntermediary: String\n    ABAIntermediary: String\n    IBANIntermediary: String\n    SWIFTIntermediary: String\n    accountNumIntermediary: String\n    accountTypeIntermediary: AccountType\n    beneficiaryIntermediary: String\n    memoIntermediary: String\n}"
      },
      "scope": "global",
      "id": "15316f95-f10f-4864-a072-db3ccba563c3",
      "index": 26,
      "timestamp": "2024-12-05T23:01:02.924Z",
      "hash": "RnlHm+EyZGPlmAiD2pDhSXAkFdc=",
      "skip": 0
    },
    {
      "type": "SET_OPERATION_SCHEMA",
      "input": {
        "id": "AsHW9z4pZrcMpcA3bh83xL70xwQ=",
        "schema": "input EditLegalEntityBankInput {\n  \"Add your inputs here\"\n  _placeholder: String\n}"
      },
      "scope": "global",
      "id": "2bc97ea5-9d27-47f3-8dcd-abd372938458",
      "index": 27,
      "timestamp": "2024-12-05T23:00:41.226Z",
      "hash": "5VJCJuYy2AbHeB0PTznN09tB79Q=",
      "skip": 3
    },
    {
      "type": "SET_OPERATION_SCHEMA",
      "input": {
        "id": "AsHW9z4pZrcMpcA3bh83xL70xwQ=",
        "schema": ""
      },
      "scope": "global",
      "id": "e18e9ed5-4102-45be-b18d-9d36611eeebd",
      "index": 28,
      "timestamp": "2024-12-05T23:00:45.594Z",
      "hash": "EUjcoVKCnSj2k3YGesmFEZhRDYQ=",
      "skip": 0
    },
    {
      "type": "SET_OPERATION_SCHEMA",
      "input": {
        "id": "AsHW9z4pZrcMpcA3bh83xL70xwQ=",
        "schema": "input EditLegalEntityBankInput {\n    name: String\n    streetAddress: String\n    extendedAddress: String\n    city: String\n    postalCode: String\n    country: String\n    stateProvince: String\n    ABA: String\n    IBAN: String\n    SWIFT: String\n    accountNum: String\n    accountType: AccountType\n    beneficiary: String\n    memo: String\n    # intermediaryBank\n    nameIntermediary: String\n    streetAddressIntermediary: String\n    extendedAddressIntermediary: String\n    cityIntermediary: String\n    postalCodeIntermediary: String\n    countryIntermediary: String\n    stateProvinceIntermediary: String\n    ABAIntermediary: String\n    IBANIntermediary: String\n    SWIFTIntermediary: String\n    accountNumIntermediary: String\n    accountTypeIntermediary: AccountType\n    beneficiaryIntermediary: String\n    memoIntermediary: String\n}"
      },
      "scope": "global",
      "id": "15316f95-f10f-4864-a072-db3ccba563c3",
      "index": 29,
      "timestamp": "2024-12-05T23:01:02.924Z",
      "hash": "RnlHm+EyZGPlmAiD2pDhSXAkFdc=",
      "skip": 0
    },
    {
      "type": "ADD_OPERATION",
      "input": {
        "id": "LjlSROxZVdRXoNhKJ2KkeEPgGsg=",
        "moduleId": "KoJiL/35+KQ4YlImAHnAiTCQB4w=",
        "name": "EDIT_LEGAL_ENTITY_WALLET"
      },
      "scope": "global",
      "id": "16eafd1d-644a-44ce-91ec-d42c0397b9cb",
      "index": 30,
      "timestamp": "2024-12-05T23:01:26.470Z",
      "hash": "vJQwYcg08mDCG38qCOX7lm+WUyQ=",
      "skip": 0
    },
    {
      "type": "SET_OPERATION_SCHEMA",
      "input": {
        "id": "LjlSROxZVdRXoNhKJ2KkeEPgGsg=",
        "schema": "input EditLegalEntityWalletInput {\n  \"Add your inputs here\"\n  _placeholder: String\n}"
      },
      "scope": "global",
      "id": "bcafdbee-5d49-47db-8689-ea18b9e9fc49",
      "index": 31,
      "timestamp": "2024-12-05T23:01:26.491Z",
      "hash": "67dIeDS/oOYidX1x6VhOkdawZ0Q=",
      "skip": 0
    },
    {
      "type": "SET_OPERATION_SCHEMA",
      "input": {
        "id": "AsHW9z4pZrcMpcA3bh83xL70xwQ=",
        "schema": "input EditLegalEntityBankInput {\n  \"Add your inputs here\"\n  _placeholder: String\n}"
      },
      "scope": "global",
      "id": "2bc97ea5-9d27-47f3-8dcd-abd372938458",
      "index": 32,
      "timestamp": "2024-12-05T23:00:41.226Z",
      "hash": "5VJCJuYy2AbHeB0PTznN09tB79Q=",
      "skip": 8
    },
    {
      "type": "SET_OPERATION_SCHEMA",
      "input": {
        "id": "AsHW9z4pZrcMpcA3bh83xL70xwQ=",
        "schema": ""
      },
      "scope": "global",
      "id": "e18e9ed5-4102-45be-b18d-9d36611eeebd",
      "index": 33,
      "timestamp": "2024-12-05T23:00:45.594Z",
      "hash": "EUjcoVKCnSj2k3YGesmFEZhRDYQ=",
      "skip": 0
    },
    {
      "type": "SET_OPERATION_SCHEMA",
      "input": {
        "id": "AsHW9z4pZrcMpcA3bh83xL70xwQ=",
        "schema": "input EditLegalEntityBankInput {\n    name: String\n    streetAddress: String\n    extendedAddress: String\n    city: String\n    postalCode: String\n    country: String\n    stateProvince: String\n    ABA: String\n    IBAN: String\n    SWIFT: String\n    accountNum: String\n    accountType: AccountType\n    beneficiary: String\n    memo: String\n    # intermediaryBank\n    nameIntermediary: String\n    streetAddressIntermediary: String\n    extendedAddressIntermediary: String\n    cityIntermediary: String\n    postalCodeIntermediary: String\n    countryIntermediary: String\n    stateProvinceIntermediary: String\n    ABAIntermediary: String\n    IBANIntermediary: String\n    SWIFTIntermediary: String\n    accountNumIntermediary: String\n    accountTypeIntermediary: AccountType\n    beneficiaryIntermediary: String\n    memoIntermediary: String\n}"
      },
      "scope": "global",
      "id": "15316f95-f10f-4864-a072-db3ccba563c3",
      "index": 34,
      "timestamp": "2024-12-05T23:01:02.924Z",
      "hash": "RnlHm+EyZGPlmAiD2pDhSXAkFdc=",
      "skip": 0
    },
    {
      "type": "ADD_OPERATION",
      "input": {
        "id": "LjlSROxZVdRXoNhKJ2KkeEPgGsg=",
        "moduleId": "KoJiL/35+KQ4YlImAHnAiTCQB4w=",
        "name": "EDIT_LEGAL_ENTITY_WALLET"
      },
      "scope": "global",
      "id": "16eafd1d-644a-44ce-91ec-d42c0397b9cb",
      "index": 35,
      "timestamp": "2024-12-05T23:01:26.470Z",
      "hash": "vJQwYcg08mDCG38qCOX7lm+WUyQ=",
      "skip": 0
    },
    {
      "type": "SET_OPERATION_SCHEMA",
      "input": {
        "id": "LjlSROxZVdRXoNhKJ2KkeEPgGsg=",
        "schema": "input EditLegalEntityWalletInput {\n  \"Add your inputs here\"\n  _placeholder: String\n}"
      },
      "scope": "global",
      "id": "bcafdbee-5d49-47db-8689-ea18b9e9fc49",
      "index": 36,
      "timestamp": "2024-12-05T23:01:26.491Z",
      "hash": "67dIeDS/oOYidX1x6VhOkdawZ0Q=",
      "skip": 0
    },
    {
      "type": "SET_OPERATION_SCHEMA",
      "input": {
        "id": "AsHW9z4pZrcMpcA3bh83xL70xwQ=",
        "schema": "input EditLegalEntityBankInput {\n    name: String\n    streetAddress: String\n    extendedAddress: String\n    city: String\n    postalCode: String\n    country: String\n    stateProvince: String\n    ABA: String\n    IBAN: String\n    SWIFT: String\n    accountNum: String\n    accountType: AccountType\n    beneficiary: String\n    memo: String\n    # intermediaryBank\n    nameIntermediary: String\n    streetAddressIntermediary: String\n    extendedAddressIntermediary: String\n    cityIntermediary: String\n    postalCodeIntermediary: String\n    countryIntermediary: String\n    stateProvinceIntermediary: String\n    ABAIntermediary: String\n    IBANIntermediary: String\n    SWIFTIntermediary: String\n    accountNumIntermediary: String\n    accountTypeIntermediary: AccountType\n    beneficiaryIntermediary: String\n    memoIntermediary: String\n}"
      },
      "scope": "global",
      "id": "5004ef62-cb04-45a6-8161-4043edf8ce1a",
      "index": 37,
      "timestamp": "2024-12-05T23:01:35.733Z",
      "hash": "67dIeDS/oOYidX1x6VhOkdawZ0Q=",
      "skip": 0
    },
    {
      "type": "SET_OPERATION_SCHEMA",
      "input": {
        "id": "AsHW9z4pZrcMpcA3bh83xL70xwQ=",
        "schema": "input EditLegalEntityBankInput {\n  \"Add your inputs here\"\n  _placeholder: String\n}"
      },
      "scope": "global",
      "id": "2bc97ea5-9d27-47f3-8dcd-abd372938458",
      "index": 38,
      "timestamp": "2024-12-05T23:00:41.226Z",
      "hash": "5VJCJuYy2AbHeB0PTznN09tB79Q=",
      "skip": 14
    },
    {
      "type": "SET_OPERATION_SCHEMA",
      "input": {
        "id": "AsHW9z4pZrcMpcA3bh83xL70xwQ=",
        "schema": ""
      },
      "scope": "global",
      "id": "e18e9ed5-4102-45be-b18d-9d36611eeebd",
      "index": 39,
      "timestamp": "2024-12-05T23:00:45.594Z",
      "hash": "EUjcoVKCnSj2k3YGesmFEZhRDYQ=",
      "skip": 0
    },
    {
      "type": "SET_OPERATION_SCHEMA",
      "input": {
        "id": "AsHW9z4pZrcMpcA3bh83xL70xwQ=",
        "schema": "input EditLegalEntityBankInput {\n    name: String\n    streetAddress: String\n    extendedAddress: String\n    city: String\n    postalCode: String\n    country: String\n    stateProvince: String\n    ABA: String\n    IBAN: String\n    SWIFT: String\n    accountNum: String\n    accountType: AccountType\n    beneficiary: String\n    memo: String\n    # intermediaryBank\n    nameIntermediary: String\n    streetAddressIntermediary: String\n    extendedAddressIntermediary: String\n    cityIntermediary: String\n    postalCodeIntermediary: String\n    countryIntermediary: String\n    stateProvinceIntermediary: String\n    ABAIntermediary: String\n    IBANIntermediary: String\n    SWIFTIntermediary: String\n    accountNumIntermediary: String\n    accountTypeIntermediary: AccountType\n    beneficiaryIntermediary: String\n    memoIntermediary: String\n}"
      },
      "scope": "global",
      "id": "15316f95-f10f-4864-a072-db3ccba563c3",
      "index": 40,
      "timestamp": "2024-12-05T23:01:02.924Z",
      "hash": "RnlHm+EyZGPlmAiD2pDhSXAkFdc=",
      "skip": 0
    },
    {
      "type": "ADD_OPERATION",
      "input": {
        "id": "LjlSROxZVdRXoNhKJ2KkeEPgGsg=",
        "moduleId": "KoJiL/35+KQ4YlImAHnAiTCQB4w=",
        "name": "EDIT_LEGAL_ENTITY_WALLET"
      },
      "scope": "global",
      "id": "16eafd1d-644a-44ce-91ec-d42c0397b9cb",
      "index": 41,
      "timestamp": "2024-12-05T23:01:26.470Z",
      "hash": "vJQwYcg08mDCG38qCOX7lm+WUyQ=",
      "skip": 0
    },
    {
      "type": "SET_OPERATION_SCHEMA",
      "input": {
        "id": "LjlSROxZVdRXoNhKJ2KkeEPgGsg=",
        "schema": "input EditLegalEntityWalletInput {\n  \"Add your inputs here\"\n  _placeholder: String\n}"
      },
      "scope": "global",
      "id": "bcafdbee-5d49-47db-8689-ea18b9e9fc49",
      "index": 42,
      "timestamp": "2024-12-05T23:01:26.491Z",
      "hash": "67dIeDS/oOYidX1x6VhOkdawZ0Q=",
      "skip": 0
    },
    {
      "type": "SET_OPERATION_SCHEMA",
      "input": {
        "id": "AsHW9z4pZrcMpcA3bh83xL70xwQ=",
        "schema": "input EditLegalEntityBankInput {\n    name: String\n    streetAddress: String\n    extendedAddress: String\n    city: String\n    postalCode: String\n    country: String\n    stateProvince: String\n    ABA: String\n    IBAN: String\n    SWIFT: String\n    accountNum: String\n    accountType: AccountType\n    beneficiary: String\n    memo: String\n    # intermediaryBank\n    nameIntermediary: String\n    streetAddressIntermediary: String\n    extendedAddressIntermediary: String\n    cityIntermediary: String\n    postalCodeIntermediary: String\n    countryIntermediary: String\n    stateProvinceIntermediary: String\n    ABAIntermediary: String\n    IBANIntermediary: String\n    SWIFTIntermediary: String\n    accountNumIntermediary: String\n    accountTypeIntermediary: AccountType\n    beneficiaryIntermediary: String\n    memoIntermediary: String\n}"
      },
      "scope": "global",
      "id": "5004ef62-cb04-45a6-8161-4043edf8ce1a",
      "index": 43,
      "timestamp": "2024-12-05T23:01:35.733Z",
      "hash": "67dIeDS/oOYidX1x6VhOkdawZ0Q=",
      "skip": 0
    },
    {
      "type": "SET_OPERATION_SCHEMA",
      "input": {
        "id": "AsHW9z4pZrcMpcA3bh83xL70xwQ=",
        "schema": ""
      },
      "scope": "global",
      "id": "fe6e7ec4-7797-45e4-956a-8f2b6e2ea84a",
      "index": 44,
      "timestamp": "2024-12-05T23:01:44.704Z",
      "hash": "o+p3mrOpiONeOwV6DSueEEma9QY=",
      "skip": 0
    },
    {
      "type": "SET_OPERATION_SCHEMA",
      "input": {
        "id": "LjlSROxZVdRXoNhKJ2KkeEPgGsg=",
        "schema": "input EditLegalEntityWalletInput {\n    rpc: String\n    chainName: String\n    chainId: String\n    address: String\n}"
      },
      "scope": "global",
      "id": "df46a46d-2bf0-42a1-875a-828e611c1e2d",
      "index": 45,
      "timestamp": "2024-12-05T23:02:17.141Z",
      "hash": "eitLHHVcm9HwFkfE9hOntk3NT5s=",
      "skip": 0
    },
    {
      "type": "SET_OPERATION_SCHEMA",
      "input": {
        "id": "AsHW9z4pZrcMpcA3bh83xL70xwQ=",
        "schema": ""
      },
      "scope": "global",
      "id": "5f231ec4-2164-4de9-b4e1-e3b2491e7494",
      "index": 46,
      "timestamp": "2024-12-05T23:02:20.228Z",
      "hash": "eitLHHVcm9HwFkfE9hOntk3NT5s=",
      "skip": 0
    },
    {
      "type": "SET_OPERATION_SCHEMA",
      "input": {
        "id": "AsHW9z4pZrcMpcA3bh83xL70xwQ=",
        "schema": ""
      },
      "scope": "global",
      "id": "5d5d7cd7-9353-4815-91fb-29d09e6e5563",
      "index": 47,
      "timestamp": "2024-12-05T23:02:22.788Z",
      "hash": "eitLHHVcm9HwFkfE9hOntk3NT5s=",
      "skip": 0
    },
    {
      "type": "SET_OPERATION_SCHEMA",
      "input": {
        "id": "AsHW9z4pZrcMpcA3bh83xL70xwQ=",
        "schema": ""
      },
      "scope": "global",
      "id": "3d830392-1d8d-46c3-aee4-c8f6c4d83727",
      "index": 48,
      "timestamp": "2024-12-05T23:02:28.581Z",
      "hash": "eitLHHVcm9HwFkfE9hOntk3NT5s=",
      "skip": 0
    },
    {
      "type": "SET_OPERATION_SCHEMA",
      "input": {
        "id": "AsHW9z4pZrcMpcA3bh83xL70xwQ=",
        "schema": "input EditLegalEntityBankInput {\n    name: String\n    streetAddress: String\n    extendedAddress: String\n    city: String\n    postalCode: String\n    country: String\n    stateProvince: String\n    ABA: String\n    IBAN: String\n    SWIFT: String\n    accountNum: String\n    accountType: AccountType\n    beneficiary: String\n    memo: String\n    # intermediaryBank\n    nameIntermediary: String\n    streetAddressIntermediary: String\n    extendedAddressIntermediary: String\n    cityIntermediary: String\n    postalCodeIntermediary: String\n    countryIntermediary: String\n    stateProvinceIntermediary: String\n    ABAIntermediary: String\n    IBANIntermediary: String\n    SWIFTIntermediary: String\n    accountNumIntermediary: String\n    accountTypeIntermediary: AccountType\n    beneficiaryIntermediary: String\n    memoIntermediary: String\n}\n"
      },
      "scope": "global",
      "id": "22fbe933-008d-40a8-96c5-395d5ba94d4d",
      "index": 49,
      "timestamp": "2024-12-05T23:02:37.044Z",
      "hash": "nmmf46X+2WcBJaExFv7F+OeOazg=",
      "skip": 0
    }
  ],
  "local": []
}