{
  "global": [
    {
      "type": "SET_NAME",
      "input": "invoice",
      "scope": "global",
      "id": "74de6868-2a53-4f91-8338-3363f22449e0",
      "index": 0,
      "timestamp": "2024-10-31T23:05:14.770Z",
      "hash": "Fd20qtObIUDJwJHse6VqFK8ObWY=",
      "skip": 0
    },
    {
      "type": "SET_MODEL_NAME",
      "input": {
        "name": "invoice"
      },
      "scope": "global",
      "id": "551adc72-638b-468d-b04e-b028a182c73f",
      "index": 1,
      "timestamp": "2024-10-31T23:05:14.771Z",
      "hash": "71Qkg3g+Hp1U5I8TCYbH0gydpdY=",
      "skip": 0
    },
    {
      "type": "SET_STATE_SCHEMA",
      "input": {
        "schema": "type InvoiceState {\n  \"Add your global state fields here\"\n  _placeholder: String\n}",
        "scope": "global"
      },
      "scope": "global",
      "id": "604c2da0-9faa-4129-a876-74ac80f7da50",
      "index": 2,
      "timestamp": "2024-10-31T23:05:14.771Z",
      "hash": "ewc4+i8ey3FQ0AcOSGK0a6jJC3E=",
      "skip": 0
    },
    {
      "type": "SET_INITIAL_STATE",
      "input": {
        "initialValue": "{}",
        "scope": "global"
      },
      "scope": "global",
      "id": "fd593487-5155-4323-9899-3d44b23501df",
      "index": 3,
      "timestamp": "2024-10-31T23:05:14.771Z",
      "hash": "hGHYzGJYB6HNeTiKoWTtzaZtJx8=",
      "skip": 0
    },
    {
      "type": "SET_MODEL_ID",
      "input": {
        "id": "documentModel"
      },
      "scope": "global",
      "id": "3ce93224-d26c-4237-8b93-7997eb66d7ef",
      "index": 4,
      "timestamp": "2024-10-31T23:05:14.771Z",
      "hash": "iBEB7JXW38MEG4md7wutVDsAvmM=",
      "skip": 0
    },
    {
      "type": "SET_MODEL_DESCRIPTION",
      "input": {
        "description": "Contributor invoices"
      },
      "scope": "global",
      "id": "e7d08fb0-05b3-4d92-827f-85cb43f2ee98",
      "index": 5,
      "timestamp": "2024-10-31T23:05:14.771Z",
      "hash": "bX+pZvbVfnFioyMkOjDBgwCvaso=",
      "skip": 0
    },
    {
      "type": "SET_MODEL_EXTENSION",
      "input": {
        "extension": ".test.ph"
      },
      "scope": "global",
      "id": "bff4bfad-03a7-4d0c-995b-2e05a0619e23",
      "index": 6,
      "timestamp": "2024-10-31T23:05:14.772Z",
      "hash": "xn+Ri6PoF4hNr6VhIIG+JvOsKjM=",
      "skip": 0
    },
    {
      "type": "SET_AUTHOR_NAME",
      "input": {
        "authorName": "zeroknowledgetruth"
      },
      "scope": "global",
      "id": "38a4336d-2a4e-4311-b3c7-24365b853aed",
      "index": 7,
      "timestamp": "2024-10-31T23:05:14.772Z",
      "hash": "PKvZZCuT9AynbK8wyrT2W8aKpiY=",
      "skip": 0
    },
    {
      "type": "SET_INITIAL_STATE",
      "input": {
        "initialValue": "{\n  \"_placeholder\": \"\"\n}",
        "scope": "global"
      },
      "scope": "global",
      "id": "dd2a0340-d731-4fd4-bf5f-fe529f97b3d3",
      "index": 8,
      "timestamp": "2024-10-31T23:05:14.772Z",
      "hash": "8saWpVBAfAncJVR2HGHo1QGclWc=",
      "skip": 0
    },
    {
      "type": "SET_STATE_SCHEMA",
      "input": {
        "schema": "type InvoiceState {\n    invoiceNo: String! # Invoice Number (e.g., 2024-001) The invoice numbering can be sequential Numbering INV-001 ; INV-002 String-base numbering 2024-09-03-456; drive explorer can set default to previous No + 1\n    dateIssued: String! # default value: today, e.g. 2024-01-31; user defined at first, then automated but user can override, auditor gets notified\n    dateDue: String! # default value: 30 days after issue date;\n    dateDelivered: String\n    title: String # Optional for use of the \"file name\" of the document.\n    status: Status!\n    refs: [String!]! # Legal stuff, component ID, whatever. Placeholdery.\n    issuer: LegalEntity!\n    payer: LegalEntity!\n    currency: String! # Default can be USD\n    lineItems: [InvoiceLineItem!]!\n    totalPriceTaxExcl: Float! # Currency will be the same for now, as is set on the InvoiceState level\n    totalPriceTaxIncl: Float! # Currency will be the same for now, as is set on the InvoiceState level\n}\n\ntype Token {\n    evmAddress: String\n    symbol: String\n    chainName: String\n    chainId: String\n    rpc: String\n}\n\ntype LegalEntity {\n    id: LegalEntityId\n    name: String\n    address: Address\n    contactInfo: ContactInfo\n    country: String\n    paymentRouting: PaymentRouting\n}\n\ntype Address {\n    streetAddress: String\n    extendedAddress: String\n    city: String\n    postalCode: String\n    country: String\n    stateProvince: String\n}\n\ntype ContactInfo {\n    tel: String\n    email: String\n}\n\ntype PaymentRouting {\n    bank: Bank\n    wallet: Wallet\n}\n\ntype Bank {\n    name: String!\n    address: Address!\n    contact: ContactInfo\n    ABA: String\n    IBAN: String\n    SWIFT: String\n    accountNum: String!\n    accountType: AccountType\n    beneficiary: String\n    intermediaryBank: IntermediaryBank\n    memo: String\n}\n\ntype IntermediaryBank {\n    name: String!\n    address: Address!\n    contact: ContactInfo\n    ABA: String\n    IBAN: String\n    SWIFT: String\n    accountNum: String!\n    accountType: AccountType\n    beneficiary: String\n    memo: String\n}\n\ntype Wallet {\n    rpc: String\n    chainName: String\n    chainId: String\n    address: String\n}\n\ntype InvoiceLineItem {\n    id: OID!\n    description: String!\n    taxPercent: Float!\n    quantity: Float!\n    currency: String! # Default can be USD\n    unitPriceTaxExcl: Float! # Currency will be the same for now, as is set on the InvoiceState level\n    unitPriceTaxIncl: Float! # Currency will be the same for now, as is set on the InvoiceState level\n    totalPriceTaxExcl: Float! # Currency will be the same for now, as is set on the InvoiceState level\n    totalPriceTaxIncl: Float! # Currency will be the same for now, as is set on the InvoiceState level\n}\n\nunion LegalEntityId = LegalEntityTaxId | LegalEntityCorporateRegistrationId\n\ntype LegalEntityTaxId {\n    taxId: String!\n}\n\ntype LegalEntityCorporateRegistrationId {\n    corpRegId: String!\n}\n\nenum Status {\n    DRAFT\n    ISSUED\n    ACCEPTED\n    REJECTED\n    PAID\n}\n\nenum AccountType {\n    CHECKING\n    SAVINGS\n    TRUST\n    WALLET\n}",
        "scope": "global"
      },
      "scope": "global",
      "id": "cd012130-6444-471a-965a-7e5338f58f7f",
      "index": 9,
      "timestamp": "2024-10-31T23:05:14.772Z",
      "hash": "TcoUdKRT5rTwO7IRRezI+USxqsk=",
      "skip": 0
    },
    {
      "type": "SET_STATE_SCHEMA",
      "input": {
        "schema": "type InvoiceState {\n    invoiceNo: String! # Invoice Number (e.g., 2024-001) The invoice numbering can be sequential Numbering INV-001 ; INV-002 String-base numbering 2024-09-03-456; drive explorer can set default to previous No + 1\n    dateIssued: String! # default value: today, e.g. 2024-01-31; user defined at first, then automated but user can override, auditor gets notified\n    dateDue: String! # default value: 30 days after issue date;\n    dateDelivered: String\n    title: String # Optional for use of the \"file name\" of the document.\n    status: Status!\n    refs: [String!]! # Legal stuff, component ID, whatever. Placeholdery.\n    issuer: LegalEntity!\n    payer: LegalEntity!\n    currency: String! # Default can be USD\n    lineItems: [InvoiceLineItem!]!\n    totalPriceTaxExcl: Float! # Currency will be the same for now, as is set on the InvoiceState level\n    totalPriceTaxIncl: Float! # Currency will be the same for now, as is set on the InvoiceState level\n}\n\ntype Token {\n    evmAddress: String\n    symbol: String\n    chainName: String\n    chainId: String\n    rpc: String\n}\n\ntype LegalEntity {\n    id: LegalEntityId\n    name: String\n    address: Address\n    contactInfo: ContactInfo\n    country: String\n    paymentRouting: PaymentRouting\n}\n\ntype Address {\n    streetAddress: String\n    extendedAddress: String\n    city: String\n    postalCode: String\n    country: String\n    stateProvince: String\n}\n\ntype ContactInfo {\n    tel: String\n    email: String\n}\n\ntype PaymentRouting {\n    bank: Bank\n    wallet: Wallet\n}\n\ntype Bank {\n    name: String!\n    address: Address!\n    contact: ContactInfo\n    ABA: String\n    IBAN: String\n    SWIFT: String\n    accountNum: String!\n    accountType: AccountType\n    beneficiary: String\n    intermediaryBank: IntermediaryBank\n    memo: String\n}\n\ntype IntermediaryBank {\n    name: String!\n    address: Address!\n    contact: ContactInfo\n    ABA: String\n    IBAN: String\n    SWIFT: String\n    accountNum: String!\n    accountType: AccountType\n    beneficiary: String\n    memo: String\n}\n\ntype Wallet {\n    rpc: String\n    chainName: String\n    chainId: String\n    address: String\n}\n\ntype InvoiceLineItem {\n    id: OID!\n    description: String!\n    taxPercent: Float!\n    quantity: Float!\n    currency: String! # Default can be USD\n    unitPriceTaxExcl: Float! # Currency will be the same for now, as is set on the InvoiceState level\n    unitPriceTaxIncl: Float! # Currency will be the same for now, as is set on the InvoiceState level\n    totalPriceTaxExcl: Float! # Currency will be the same for now, as is set on the InvoiceState level\n    totalPriceTaxIncl: Float! # Currency will be the same for now, as is set on the InvoiceState level\n}\n\nunion LegalEntityId = LegalEntityTaxId | LegalEntityCorporateRegistrationId\n\ntype LegalEntityTaxId {\n    taxId: String!\n}\n\ntype LegalEntityCorporateRegistrationId {\n    corpRegId: String!\n}\n\nenum Status {\n    DRAFT\n    ISSUED\n    ACCEPTED\n    REJECTED\n    PAID\n}\n\nenum AccountType {\n    CHECKING\n    SAVINGS\n    TRUST\n    WALLET\n}",
        "scope": "global"
      },
      "scope": "global",
      "id": "015b8f59-c94b-4e97-bd88-f3d132f6d19f",
      "index": 10,
      "timestamp": "2024-10-31T23:05:14.773Z",
      "hash": "TcoUdKRT5rTwO7IRRezI+USxqsk=",
      "skip": 0
    },
    {
      "type": "SET_INITIAL_STATE",
      "input": {
        "initialValue": "{\n  \"invoiceNo\": \"\",\n  \"dateIssued\": \"\",\n  \"dateDue\": \"\",\n  \"dateDelivered\": \"\",\n  \"title\": \"\",\n  \"status\": \"DRAFT\",\n  \"refs\": [],\n  \"issuer\": {\n    \"id\": null,\n    \"name\": \"\",\n    \"address\": {\n      \"streetAddress\": \"\",\n      \"extendedAddress\": \"\",\n      \"city\": \"\",\n      \"postalCode\": \"\",\n      \"country\": \"\",\n      \"stateProvince\": \"\"\n    },\n    \"contactInfo\": {\n      \"tel\": \"\",\n      \"email\": \"\"\n    },\n    \"country\": \"\",\n    \"paymentRouting\": {\n      \"bank\": {\n        \"name\": \"\",\n        \"address\": {\n          \"streetAddress\": \"\",\n          \"extendedAddress\": \"\",\n          \"city\": \"\",\n          \"postalCode\": \"\",\n          \"country\": \"\",\n          \"stateProvince\": \"\"\n        },\n        \"contact\": {\n          \"tel\": \"\",\n          \"email\": \"\"\n        },\n        \"ABA\": \"\",\n        \"IBAN\": \"\",\n        \"SWIFT\": \"\",\n        \"accountNum\": \"\",\n        \"accountType\": \"CHECKING\",\n        \"beneficiary\": \"\",\n        \"intermediaryBank\": {\n          \"name\": \"\",\n          \"address\": {\n            \"streetAddress\": \"\",\n            \"extendedAddress\": \"\",\n            \"city\": \"\",\n            \"postalCode\": \"\",\n            \"country\": \"\",\n            \"stateProvince\": \"\"\n          },\n          \"contact\": {\n            \"tel\": \"\",\n            \"email\": \"\"\n          },\n          \"ABA\": \"\",\n          \"IBAN\": \"\",\n          \"SWIFT\": \"\",\n          \"accountNum\": \"\",\n          \"accountType\": \"CHECKING\",\n          \"beneficiary\": \"\",\n          \"memo\": \"\"\n        },\n        \"memo\": \"\"\n      },\n      \"wallet\": {\n        \"rpc\": \"\",\n        \"chainName\": \"\",\n        \"chainId\": \"\",\n        \"address\": \"\"\n      }\n    }\n  },\n  \"payer\": {\n    \"id\": null,\n    \"name\": \"\",\n    \"address\": {\n      \"streetAddress\": \"\",\n      \"extendedAddress\": \"\",\n      \"city\": \"\",\n      \"postalCode\": \"\",\n      \"country\": \"\",\n      \"stateProvince\": \"\"\n    },\n    \"contactInfo\": {\n      \"tel\": \"\",\n      \"email\": \"\"\n    },\n    \"country\": \"\",\n    \"paymentRouting\": {\n      \"bank\": {\n        \"name\": \"\",\n        \"address\": {\n          \"streetAddress\": \"\",\n          \"extendedAddress\": \"\",\n          \"city\": \"\",\n          \"postalCode\": \"\",\n          \"country\": \"\",\n          \"stateProvince\": \"\"\n        },\n        \"contact\": {\n          \"tel\": \"\",\n          \"email\": \"\"\n        },\n        \"ABA\": \"\",\n        \"IBAN\": \"\",\n        \"SWIFT\": \"\",\n        \"accountNum\": \"\",\n        \"accountType\": \"CHECKING\",\n        \"beneficiary\": \"\",\n        \"intermediaryBank\": {\n          \"name\": \"\",\n          \"address\": {\n            \"streetAddress\": \"\",\n            \"extendedAddress\": \"\",\n            \"city\": \"\",\n            \"postalCode\": \"\",\n            \"country\": \"\",\n            \"stateProvince\": \"\"\n          },\n          \"contact\": {\n            \"tel\": \"\",\n            \"email\": \"\"\n          },\n          \"ABA\": \"\",\n          \"IBAN\": \"\",\n          \"SWIFT\": \"\",\n          \"accountNum\": \"\",\n          \"accountType\": \"CHECKING\",\n          \"beneficiary\": \"\",\n          \"memo\": \"\"\n        },\n        \"memo\": \"\"\n      },\n      \"wallet\": {\n        \"rpc\": \"\",\n        \"chainName\": \"\",\n        \"chainId\": \"\",\n        \"address\": \"\"\n      }\n    }\n  },\n  \"currency\": \"\",\n  \"lineItems\": [],\n  \"totalPriceTaxExcl\": 0,\n  \"totalPriceTaxIncl\": 0\n}",
        "scope": "global"
      },
      "scope": "global",
      "id": "8eced899-884b-433f-a816-c4ace0c8fa95",
      "index": 11,
      "timestamp": "2024-10-31T23:05:14.773Z",
      "hash": "QqFXJycdxseiqo0A6ji2RLzmTPk=",
      "skip": 0
    },
    {
      "type": "ADD_MODULE",
      "input": {
        "id": "5NdopzvYmbe0hADxicG1hCeHNwI=",
        "name": "general"
      },
      "scope": "global",
      "id": "ead59cb1-9d29-4548-9df9-500124f1b9f1",
      "index": 12,
      "timestamp": "2024-10-31T23:05:14.773Z",
      "hash": "s1t5k3iXIoevVqmFIqoBlMkd2sM=",
      "skip": 0
    },
    {
      "type": "ADD_OPERATION",
      "input": {
        "id": "GC8OxKK3HNYj/rSZo8+/gddUHV8=",
        "moduleId": "5NdopzvYmbe0hADxicG1hCeHNwI=",
        "name": "EDIT_INVOICE"
      },
      "scope": "global",
      "id": "2f1c16a9-d7b5-4025-9c89-7cff3e71a89c",
      "index": 13,
      "timestamp": "2024-10-31T23:05:14.774Z",
      "hash": "uqIiRFet7o7B8V4oVWkBm+FESSs=",
      "skip": 0
    },
    {
      "type": "SET_OPERATION_SCHEMA",
      "input": {
        "id": "GC8OxKK3HNYj/rSZo8+/gddUHV8=",
        "schema": "input EditInvoiceInput {\n    invoiceNo: String\n    dateIssued: String\n    dateDue: String\n    dateDelivered: String\n    title: String\n    currency: String\n}"
      },
      "scope": "global",
      "id": "ec470307-2c2f-4ee7-bf15-5f500f2ea94f",
      "index": 14,
      "timestamp": "2024-10-31T23:05:14.774Z",
      "hash": "v/29HnGrQa7j/fUQakORtD0Jj+Y=",
      "skip": 0
    },
    {
      "type": "SET_OPERATION_SCHEMA",
      "input": {
        "id": "GC8OxKK3HNYj/rSZo8+/gddUHV8=",
        "schema": "input EditInvoiceInput {\n    invoiceNo: String\n    dateIssued: String\n    dateDue: String\n    dateDelivered: String\n    title: String\n    currency: String\n}"
      },
      "scope": "global",
      "id": "485924e2-f1e6-4836-a551-2e64dd65cdc0",
      "index": 15,
      "timestamp": "2024-10-31T23:05:14.775Z",
      "hash": "v/29HnGrQa7j/fUQakORtD0Jj+Y=",
      "skip": 0
    },
    {
      "type": "ADD_OPERATION",
      "input": {
        "id": "wnsDuquNjYlNgumDlvwvcete0fM=",
        "moduleId": "5NdopzvYmbe0hADxicG1hCeHNwI=",
        "name": "EDIT_STATUS"
      },
      "scope": "global",
      "id": "25fabe56-0c09-4696-b00d-e6f18a825315",
      "index": 16,
      "timestamp": "2024-10-31T23:05:14.775Z",
      "hash": "34GxwlHtcvwqTGs3Z/bBWaHaSfU=",
      "skip": 0
    },
    {
      "type": "SET_OPERATION_SCHEMA",
      "input": {
        "id": "wnsDuquNjYlNgumDlvwvcete0fM=",
        "schema": "input EditStatusInput {\n    status: Status!\n\n}"
      },
      "scope": "global",
      "id": "0559d84c-095d-4c3d-bd36-acbce0ed283f",
      "index": 17,
      "timestamp": "2024-10-31T23:05:14.775Z",
      "hash": "6enpbee1TuRgDS/tkC+XHQCqv7c=",
      "skip": 0
    },
    {
      "type": "SET_OPERATION_SCHEMA",
      "input": {
        "id": "wnsDuquNjYlNgumDlvwvcete0fM=",
        "schema": "input EditStatusInput {\n    status: Status!\n}"
      },
      "scope": "global",
      "id": "9f9c4bfe-e0a2-4bac-938a-0ede4938f279",
      "index": 18,
      "timestamp": "2024-10-31T23:05:14.776Z",
      "hash": "RhU/5CrqftKSvXiU1Bux/djB8S0=",
      "skip": 0
    },
    {
      "type": "SET_OPERATION_SCHEMA",
      "input": {
        "id": "wnsDuquNjYlNgumDlvwvcete0fM=",
        "schema": "input EditStatusInput {\n    status: Status!\n}"
      },
      "scope": "global",
      "id": "ad9b4479-7914-4f88-9632-17fc1ed35212",
      "index": 19,
      "timestamp": "2024-10-31T23:05:14.776Z",
      "hash": "RhU/5CrqftKSvXiU1Bux/djB8S0=",
      "skip": 0
    },
    {
      "type": "ADD_OPERATION",
      "input": {
        "id": "8z5zo6le4Zqovc4G7R4y2Rmb944=",
        "moduleId": "5NdopzvYmbe0hADxicG1hCeHNwI=",
        "name": "ADD_REF"
      },
      "scope": "global",
      "id": "ac5e28ee-19eb-4cd7-8d69-a09910639e66",
      "index": 20,
      "timestamp": "2024-10-31T23:05:14.777Z",
      "hash": "7QV6PL06zenzJTBrbgohvGMF4EM=",
      "skip": 0
    },
    {
      "type": "SET_OPERATION_SCHEMA",
      "input": {
        "id": "8z5zo6le4Zqovc4G7R4y2Rmb944=",
        "schema": "input AddRefInput {\n    id: OID!\n    value: String!\n}"
      },
      "scope": "global",
      "id": "911265c4-cfca-48bd-ac2d-2e42e44be742",
      "index": 21,
      "timestamp": "2024-10-31T23:05:14.777Z",
      "hash": "Cu8soayxMU9RsBGCTAngeBHemVY=",
      "skip": 0
    },
    {
      "type": "SET_OPERATION_SCHEMA",
      "input": {
        "id": "8z5zo6le4Zqovc4G7R4y2Rmb944=",
        "schema": "input AddRefInput {\n    id: OID!\n    value: String!\n}"
      },
      "scope": "global",
      "id": "9e5e8b91-76f3-412a-9fd4-848838bec487",
      "index": 22,
      "timestamp": "2024-10-31T23:05:14.778Z",
      "hash": "Cu8soayxMU9RsBGCTAngeBHemVY=",
      "skip": 0
    },
    {
      "type": "ADD_OPERATION",
      "input": {
        "id": "fWXv/g40c4PW4fInQacz5kM4B2I=",
        "moduleId": "5NdopzvYmbe0hADxicG1hCeHNwI=",
        "name": "EDIT_REF"
      },
      "scope": "global",
      "id": "2ba29917-1d6f-4b11-a726-b6fd46450de7",
      "index": 23,
      "timestamp": "2024-10-31T23:05:14.778Z",
      "hash": "VBTl80AbJCEmcbQEj0+0kR2GZnk=",
      "skip": 0
    },
    {
      "type": "SET_OPERATION_SCHEMA",
      "input": {
        "id": "fWXv/g40c4PW4fInQacz5kM4B2I=",
        "schema": "input EditRefInput {\n    id: OID!\n    value: String!\n}"
      },
      "scope": "global",
      "id": "54465da6-f583-481a-88db-cd07d420874a",
      "index": 24,
      "timestamp": "2024-10-31T23:05:14.779Z",
      "hash": "xvXoRNmqoNyYwHAe/XSxbvyT7zs=",
      "skip": 0
    },
    {
      "type": "SET_OPERATION_SCHEMA",
      "input": {
        "id": "fWXv/g40c4PW4fInQacz5kM4B2I=",
        "schema": "input EditRefInput {\n    id: OID!\n    value: String!\n}"
      },
      "scope": "global",
      "id": "3c11a5fc-3ef2-4fce-9e26-b5ddf48b3e7f",
      "index": 25,
      "timestamp": "2024-10-31T23:05:14.779Z",
      "hash": "xvXoRNmqoNyYwHAe/XSxbvyT7zs=",
      "skip": 0
    },
    {
      "type": "ADD_OPERATION",
      "input": {
        "id": "jUtMw6Rjd9Yv3LSnjUVs6fSPo0k=",
        "moduleId": "5NdopzvYmbe0hADxicG1hCeHNwI=",
        "name": "DELETE_REF"
      },
      "scope": "global",
      "id": "b8c387a8-ac13-4203-a9ca-af4c81458964",
      "index": 26,
      "timestamp": "2024-10-31T23:05:14.779Z",
      "hash": "85HqVpQFDvqPAj5mjr7d4UNmLJo=",
      "skip": 0
    },
    {
      "type": "SET_OPERATION_SCHEMA",
      "input": {
        "id": "jUtMw6Rjd9Yv3LSnjUVs6fSPo0k=",
        "schema": "input DeleteRefInput {\n    id: OID!\n\n}"
      },
      "scope": "global",
      "id": "487c6e10-0ade-4d55-ba15-e4aa7b0f71cb",
      "index": 27,
      "timestamp": "2024-10-31T23:05:14.780Z",
      "hash": "vhja8t5s2A9kNV5qSpLN4+ocQNk=",
      "skip": 0
    },
    {
      "type": "SET_OPERATION_SCHEMA",
      "input": {
        "id": "jUtMw6Rjd9Yv3LSnjUVs6fSPo0k=",
        "schema": "input DeleteRefInput {\n    id: OID!\n}"
      },
      "scope": "global",
      "id": "4284932f-1184-44d1-a1f0-f4288ea50913",
      "index": 28,
      "timestamp": "2024-10-31T23:05:14.780Z",
      "hash": "jgF1kywcJw2s0E9QdzhS2EHaXN8=",
      "skip": 0
    },
    {
      "type": "SET_OPERATION_SCHEMA",
      "input": {
        "id": "jUtMw6Rjd9Yv3LSnjUVs6fSPo0k=",
        "schema": "input DeleteRefInput {\n    id: OID!\n}"
      },
      "scope": "global",
      "id": "304f62da-7e58-49fd-bf93-be0d2f0f0226",
      "index": 29,
      "timestamp": "2024-10-31T23:05:14.781Z",
      "hash": "jgF1kywcJw2s0E9QdzhS2EHaXN8=",
      "skip": 0
    },
    {
      "type": "ADD_MODULE",
      "input": {
        "id": "sSVjeGG79S3+LIZkVmxI3DtvO40=",
        "name": "issuer"
      },
      "scope": "global",
      "id": "d3424750-ed4c-40dc-99d7-14cdb018b632",
      "index": 30,
      "timestamp": "2024-10-31T23:05:14.781Z",
      "hash": "QjzkZ1jFvkt3ZXt9s2AWAbOG29M=",
      "skip": 0
    },
    {
      "type": "ADD_OPERATION",
      "input": {
        "id": "bPqUAhZLfBJkgVs39WFq9GUYAVs=",
        "moduleId": "sSVjeGG79S3+LIZkVmxI3DtvO40=",
        "name": "EDIT_ISSUER"
      },
      "scope": "global",
      "id": "d3c541b8-da76-496d-99b4-853c6e64305d",
      "index": 31,
      "timestamp": "2024-10-31T23:05:14.782Z",
      "hash": "A28mAf+Pq6zG63tVGqJlBOFEriY=",
      "skip": 0
    },
    {
      "type": "SET_OPERATION_SCHEMA",
      "input": {
        "id": "bPqUAhZLfBJkgVs39WFq9GUYAVs=",
        "schema": "input EditIssuerInput {\n    id: String\n    name: String\n    streetAddress: String\n    extendedAddress: String\n    city: String\n    postalCode: String\n    country: String\n    stateProvince: String\n    tel: String\n    email: String\n    country: String\n}"
      },
      "scope": "global",
      "id": "f11003ac-a2f8-436c-b33d-5dff19bac728",
      "index": 32,
      "timestamp": "2024-10-31T23:05:14.782Z",
      "hash": "sjXsvOW3/2x60kCb5Zhz8o/zwtQ=",
      "skip": 0
    },
    {
      "type": "SET_OPERATION_SCHEMA",
      "input": {
        "id": "bPqUAhZLfBJkgVs39WFq9GUYAVs=",
        "schema": "input EditIssuerInput {\n    id: String\n    name: String\n    streetAddress: String\n    extendedAddress: String\n    city: String\n    postalCode: String\n    country: String\n    stateProvince: String\n    tel: String\n    email: String\n\n}"
      },
      "scope": "global",
      "id": "5df50199-6caf-4699-bf4f-9261c27067de",
      "index": 33,
      "timestamp": "2024-10-31T23:05:14.783Z",
      "hash": "SjdtwFSlS81rGs/t0kg3a/L0u2o=",
      "skip": 0
    },
    {
      "type": "SET_OPERATION_SCHEMA",
      "input": {
        "id": "bPqUAhZLfBJkgVs39WFq9GUYAVs=",
        "schema": "input EditIssuerInput {\n    id: String\n    name: String\n    streetAddress: String\n    extendedAddress: String\n    city: String\n    postalCode: String\n    country: String\n    stateProvince: String\n    tel: String\n    email: String\n}"
      },
      "scope": "global",
      "id": "9d63b36b-6085-4ec6-843a-dc39b8c95f59",
      "index": 34,
      "timestamp": "2024-10-31T23:05:14.783Z",
      "hash": "8ktYpfFoSXAqXoBHbAd0ZjAA9c0=",
      "skip": 0
    },
    {
      "type": "ADD_OPERATION",
      "input": {
        "id": "g08wFEq0ooqcAwvLcxDDgyyH2j0=",
        "moduleId": "sSVjeGG79S3+LIZkVmxI3DtvO40=",
        "name": "EDIT_ISSUER_BANK"
      },
      "scope": "global",
      "id": "91b65654-5655-4e80-b7fd-aeaead9ccbcb",
      "index": 35,
      "timestamp": "2024-10-31T23:05:14.784Z",
      "hash": "pUXkRED2pfmj+GOeJDQlysE7Wps=",
      "skip": 0
    },
    {
      "type": "SET_OPERATION_SCHEMA",
      "input": {
        "id": "g08wFEq0ooqcAwvLcxDDgyyH2j0=",
        "schema": "input EditIssuerBankInput {\n    name: String\n    streetAddress: String\n    extendedAddress: String\n    city: String\n    postalCode: String\n    country: String\n    stateProvince: String\n    tel: String\n    email: String\n    ABA: String\n    IBAN: String\n    SWIFT: String\n    accountNum: String\n    accountType: AccountType\n    beneficiary: String\n    memo: String\n    # intermediaryBank\n    nameIntermediary: String\n    streetAddressIntermediary: String\n    extendedAddressIntermediary: String\n    cityIntermediary: String\n    postalCodeIntermediary: String\n    countryIntermediary: String\n    stateProvinceIntermediary: String\n    telIntermediary: String\n    emailIntermediary: String\n    ABAIntermediary: String\n    IBANIntermediary: String\n    SWIFTIntermediary: String\n    accountNumIntermediary: String\n    accountTypeIntermediary: AccountType\n    beneficiaryIntermediary: String\n    memoIntermediary: String\n}"
      },
      "scope": "global",
      "id": "72831876-5b71-4fec-833f-6ab2dde790dc",
      "index": 36,
      "timestamp": "2024-10-31T23:05:14.784Z",
      "hash": "hvJrb2yIVm7/F3i0wJcc2M4YxS8=",
      "skip": 0
    },
    {
      "type": "SET_OPERATION_SCHEMA",
      "input": {
        "id": "g08wFEq0ooqcAwvLcxDDgyyH2j0=",
        "schema": "input EditIssuerBankInput {\n    name: String\n    streetAddress: String\n    extendedAddress: String\n    city: String\n    postalCode: String\n    country: String\n    stateProvince: String\n    tel: String\n    email: String\n    ABA: String\n    IBAN: String\n    SWIFT: String\n    accountNum: String\n    accountType: AccountType\n    beneficiary: String\n    memo: String\n    # intermediaryBank\n    nameIntermediary: String\n    streetAddressIntermediary: String\n    extendedAddressIntermediary: String\n    cityIntermediary: String\n    postalCodeIntermediary: String\n    countryIntermediary: String\n    stateProvinceIntermediary: String\n    telIntermediary: String\n    emailIntermediary: String\n    ABAIntermediary: String\n    IBANIntermediary: String\n    SWIFTIntermediary: String\n    accountNumIntermediary: String\n    accountTypeIntermediary: AccountType\n    beneficiaryIntermediary: String\n    memoIntermediary: String\n}"
      },
      "scope": "global",
      "id": "42bf8742-752f-49e0-8072-5865f865db88",
      "index": 37,
      "timestamp": "2024-10-31T23:05:14.785Z",
      "hash": "hvJrb2yIVm7/F3i0wJcc2M4YxS8=",
      "skip": 0
    },
    {
      "type": "ADD_OPERATION",
      "input": {
        "id": "saWZnYBHXkxoh8lbAdCNlfr5Hns=",
        "moduleId": "sSVjeGG79S3+LIZkVmxI3DtvO40=",
        "name": "EDIT_ISSUER_WALLET"
      },
      "scope": "global",
      "id": "b3621df5-97a3-4e47-97a8-a95cfdcb2b94",
      "index": 38,
      "timestamp": "2024-10-31T23:05:14.786Z",
      "hash": "CK5XlaumawtogtRRBtGgGKYtpLc=",
      "skip": 0
    },
    {
      "type": "SET_OPERATION_SCHEMA",
      "input": {
        "id": "saWZnYBHXkxoh8lbAdCNlfr5Hns=",
        "schema": "input EditIssuerWalletInput {\n    rpc: String\n    chainName: String\n    chainId: String\n    address: String\n}"
      },
      "scope": "global",
      "id": "985da390-5285-40d0-9d5c-4116b3b223cb",
      "index": 39,
      "timestamp": "2024-10-31T23:05:14.786Z",
      "hash": "nE+HWpjCOElzRI7z1gUxXVyMyOc=",
      "skip": 0
    },
    {
      "type": "SET_OPERATION_SCHEMA",
      "input": {
        "id": "saWZnYBHXkxoh8lbAdCNlfr5Hns=",
        "schema": "input EditIssuerWalletInput {\n    rpc: String\n    chainName: String\n    chainId: String\n    address: String\n}"
      },
      "scope": "global",
      "id": "111212f8-22c0-4bef-9e75-7a3fe97fe0db",
      "index": 40,
      "timestamp": "2024-10-31T23:05:14.787Z",
      "hash": "nE+HWpjCOElzRI7z1gUxXVyMyOc=",
      "skip": 0
    },
    {
      "type": "SET_MODULE_NAME",
      "input": {
        "id": "sSVjeGG79S3+LIZkVmxI3DtvO40=",
        "name": "parties"
      },
      "scope": "global",
      "id": "47fbebcf-6547-4df9-8643-fbe0e7eaafda",
      "index": 41,
      "timestamp": "2024-10-31T23:05:14.787Z",
      "hash": "tQdnzROqDp6urnFT0+nfKdGAyDA=",
      "skip": 0
    },
    {
      "type": "SET_MODULE_NAME",
      "input": {
        "id": "sSVjeGG79S3+LIZkVmxI3DtvO40=",
        "name": "parties"
      },
      "scope": "global",
      "id": "8eaaffa3-9671-4d84-a723-e4d0363e781a",
      "index": 42,
      "timestamp": "2024-10-31T23:05:14.788Z",
      "hash": "tQdnzROqDp6urnFT0+nfKdGAyDA=",
      "skip": 0
    },
    {
      "type": "ADD_OPERATION",
      "input": {
        "id": "z59UfAYmzMEMtIGxZKKlC5J6GpU=",
        "moduleId": "sSVjeGG79S3+LIZkVmxI3DtvO40=",
        "name": "EDIT_PAYER"
      },
      "scope": "global",
      "id": "9b1d2d6c-c428-42d6-beb9-a1ca103d1e28",
      "index": 43,
      "timestamp": "2024-10-31T23:05:14.788Z",
      "hash": "5TPKz7oDWqI0mHqfa7aF/pHosvo=",
      "skip": 0
    },
    {
      "type": "SET_OPERATION_SCHEMA",
      "input": {
        "id": "z59UfAYmzMEMtIGxZKKlC5J6GpU=",
        "schema": "input EditPayerInput {\n    id: String\n    name: String\n    streetAddress: String\n    extendedAddress: String\n    city: String\n    postalCode: String\n    country: String\n    stateProvince: String\n    tel: String\n    email: String\n}"
      },
      "scope": "global",
      "id": "e45f6187-fb8c-44de-bb02-1e1292f5252c",
      "index": 44,
      "timestamp": "2024-10-31T23:05:14.789Z",
      "hash": "MnGvGILcPXUCVZigwQzDilsWzok=",
      "skip": 0
    },
    {
      "type": "SET_OPERATION_SCHEMA",
      "input": {
        "id": "z59UfAYmzMEMtIGxZKKlC5J6GpU=",
        "schema": "input EditPayerInput {\n    id: String\n    name: String\n    streetAddress: String\n    extendedAddress: String\n    city: String\n    postalCode: String\n    country: String\n    stateProvince: String\n    tel: String\n    email: String\n}"
      },
      "scope": "global",
      "id": "248934c7-997b-4a62-a9ac-6974e790f9c3",
      "index": 45,
      "timestamp": "2024-10-31T23:05:14.789Z",
      "hash": "MnGvGILcPXUCVZigwQzDilsWzok=",
      "skip": 0
    },
    {
      "type": "ADD_OPERATION",
      "input": {
        "id": "QFPrzmTmlhHo/+NahqpSAcDxTKA=",
        "moduleId": "sSVjeGG79S3+LIZkVmxI3DtvO40=",
        "name": "EDIT_PAYER_BANK"
      },
      "scope": "global",
      "id": "e3290930-1ee9-4546-9a09-279702892d5e",
      "index": 46,
      "timestamp": "2024-10-31T23:05:14.790Z",
      "hash": "C4NR7oEOytqgVh3jmwCr6i6oQVE=",
      "skip": 0
    },
    {
      "type": "SET_OPERATION_SCHEMA",
      "input": {
        "id": "QFPrzmTmlhHo/+NahqpSAcDxTKA=",
        "schema": "input EditPayerBankInput {\n    name: String\n    streetAddress: String\n    extendedAddress: String\n    city: String\n    postalCode: String\n    country: String\n    stateProvince: String\n    tel: String\n    email: String\n    ABA: String\n    IBAN: String\n    SWIFT: String\n    accountNum: String\n    accountType: AccountType\n    beneficiary: String\n    memo: String\n    # intermediaryBank\n    nameIntermediary: String\n    streetAddressIntermediary: String\n    extendedAddressIntermediary: String\n    cityIntermediary: String\n    postalCodeIntermediary: String\n    countryIntermediary: String\n    stateProvinceIntermediary: String\n    telIntermediary: String\n    emailIntermediary: String\n    ABAIntermediary: String\n    IBANIntermediary: String\n    SWIFTIntermediary: String\n    accountNumIntermediary: String\n    accountTypeIntermediary: AccountType\n    beneficiaryIntermediary: String\n    memoIntermediary: String\n}"
      },
      "scope": "global",
      "id": "c9a94d28-a162-485a-aa95-c6ee447debc2",
      "index": 47,
      "timestamp": "2024-10-31T23:05:14.790Z",
      "hash": "MwSEeTCZ0xFq0bwr+kAHfE9MrJQ=",
      "skip": 0
    },
    {
      "type": "SET_OPERATION_SCHEMA",
      "input": {
        "id": "QFPrzmTmlhHo/+NahqpSAcDxTKA=",
        "schema": "input EditPayerBankInput {\n    name: String\n    streetAddress: String\n    extendedAddress: String\n    city: String\n    postalCode: String\n    country: String\n    stateProvince: String\n    tel: String\n    email: String\n    ABA: String\n    IBAN: String\n    SWIFT: String\n    accountNum: String\n    accountType: AccountType\n    beneficiary: String\n    memo: String\n    # intermediaryBank\n    nameIntermediary: String\n    streetAddressIntermediary: String\n    extendedAddressIntermediary: String\n    cityIntermediary: String\n    postalCodeIntermediary: String\n    countryIntermediary: String\n    stateProvinceIntermediary: String\n    telIntermediary: String\n    emailIntermediary: String\n    ABAIntermediary: String\n    IBANIntermediary: String\n    SWIFTIntermediary: String\n    accountNumIntermediary: String\n    accountTypeIntermediary: AccountType\n    beneficiaryIntermediary: String\n    memoIntermediary: String\n}"
      },
      "scope": "global",
      "id": "a025a82e-ba4d-49ad-922d-8bf430d8926a",
      "index": 48,
      "timestamp": "2024-10-31T23:05:14.792Z",
      "hash": "MwSEeTCZ0xFq0bwr+kAHfE9MrJQ=",
      "skip": 0
    },
    {
      "type": "ADD_OPERATION",
      "input": {
        "id": "H0UeZpA0hpFymYIfxJVQ8+B9CKM=",
        "moduleId": "sSVjeGG79S3+LIZkVmxI3DtvO40=",
        "name": "EDIT_PAYER_WALLET"
      },
      "scope": "global",
      "id": "3655565f-760a-4b0d-b97e-cfc57ec848c2",
      "index": 49,
      "timestamp": "2024-10-31T23:05:14.793Z",
      "hash": "YtEIzqOH5iptE1hwz2hzfr1/yNE=",
      "skip": 0
    },
    {
      "type": "SET_OPERATION_SCHEMA",
      "input": {
        "id": "H0UeZpA0hpFymYIfxJVQ8+B9CKM=",
        "schema": "input E"
      },
      "scope": "global",
      "id": "78dd54aa-1500-4124-8d91-5aa241696feb",
      "index": 50,
      "timestamp": "2024-10-31T23:05:32.281Z",
      "hash": "z+gMS1aWlBr6LD2L0b1MIlGG2AU=",
      "skip": 0
    },
    {
      "type": "SET_OPERATION_SCHEMA",
      "input": {
        "id": "H0UeZpA0hpFymYIfxJVQ8+B9CKM=",
        "schema": "input ED"
      },
      "scope": "global",
      "id": "c305db7e-df0a-4b2c-af73-219fd22b4d73",
      "index": 51,
      "timestamp": "2024-10-31T23:05:32.656Z",
      "hash": "l08m5ZhkdXRFRYzFNtQpGyeB0MU=",
      "skip": 0
    },
    {
      "type": "SET_OPERATION_SCHEMA",
      "input": {
        "id": "H0UeZpA0hpFymYIfxJVQ8+B9CKM=",
        "schema": "input EDI"
      },
      "scope": "global",
      "id": "1735d188-445b-4219-a3a8-a6c9917b49af",
      "index": 52,
      "timestamp": "2024-10-31T23:05:32.784Z",
      "hash": "seJ0qlQC3CgKv5j5Xu7mXhjj4mU=",
      "skip": 0
    },
    {
      "type": "SET_OPERATION_SCHEMA",
      "input": {
        "id": "H0UeZpA0hpFymYIfxJVQ8+B9CKM=",
        "schema": "input EDIT"
      },
      "scope": "global",
      "id": "673ce214-0a54-4432-99ea-27c331b32148",
      "index": 53,
      "timestamp": "2024-10-31T23:05:32.879Z",
      "hash": "amaBZE3v5zpxHf+ICKCwLDJq3Sw=",
      "skip": 0
    },
    {
      "type": "SET_OPERATION_SCHEMA",
      "input": {
        "id": "H0UeZpA0hpFymYIfxJVQ8+B9CKM=",
        "schema": "input EDIT_"
      },
      "scope": "global",
      "id": "93d315de-561b-4177-9286-72ca25f27326",
      "index": 54,
      "timestamp": "2024-10-31T23:05:33.030Z",
      "hash": "QY+3UNeZm67DArttDDUbmF7aehE=",
      "skip": 0
    },
    {
      "type": "SET_OPERATION_SCHEMA",
      "input": {
        "id": "H0UeZpA0hpFymYIfxJVQ8+B9CKM=",
        "schema": "input EDIT_P"
      },
      "scope": "global",
      "id": "f0767c42-d2fe-43df-affa-39b3b3740a0f",
      "index": 55,
      "timestamp": "2024-10-31T23:05:33.219Z",
      "hash": "Tp1XQSe2SkbBLIcbz/fXZ9NhmMI=",
      "skip": 0
    },
    {
      "type": "SET_OPERATION_SCHEMA",
      "input": {
        "id": "H0UeZpA0hpFymYIfxJVQ8+B9CKM=",
        "schema": "input EDIT_PA"
      },
      "scope": "global",
      "id": "e55633ce-3e9d-4d35-986a-16d40181bbe0",
      "index": 56,
      "timestamp": "2024-10-31T23:05:33.277Z",
      "hash": "MVpCR7bJHCUKwHp3n+CGY/QEuvI=",
      "skip": 0
    },
    {
      "type": "SET_OPERATION_SCHEMA",
      "input": {
        "id": "H0UeZpA0hpFymYIfxJVQ8+B9CKM=",
        "schema": "input EDIT_PAY"
      },
      "scope": "global",
      "id": "58c4781c-0788-492e-8f93-c0c505d72b1b",
      "index": 57,
      "timestamp": "2024-10-31T23:05:33.480Z",
      "hash": "p3dhZCD0zUmHQze5+sv+HxTqSyA=",
      "skip": 0
    },
    {
      "type": "SET_OPERATION_SCHEMA",
      "input": {
        "id": "H0UeZpA0hpFymYIfxJVQ8+B9CKM=",
        "schema": "input EDIT_PAYE"
      },
      "scope": "global",
      "id": "3070f5ff-9ce1-454a-a1ed-0ce14fe2a64a",
      "index": 58,
      "timestamp": "2024-10-31T23:05:33.764Z",
      "hash": "EHybSvvq6YJ9LPgWt0b1X/SD9QU=",
      "skip": 0
    },
    {
      "type": "SET_OPERATION_SCHEMA",
      "input": {
        "id": "H0UeZpA0hpFymYIfxJVQ8+B9CKM=",
        "schema": "input EDIT_PAYER"
      },
      "scope": "global",
      "id": "f46ba004-08f9-4845-860f-5d2e4aa4daf0",
      "index": 59,
      "timestamp": "2024-10-31T23:05:33.765Z",
      "hash": "pYN3tNHqzd8OW7w+Li/iVvoFB0w=",
      "skip": 0
    },
    {
      "type": "SET_OPERATION_SCHEMA",
      "input": {
        "id": "H0UeZpA0hpFymYIfxJVQ8+B9CKM=",
        "schema": "input EDIT_PAYER_"
      },
      "scope": "global",
      "id": "68d4ce17-4fc6-45ee-b71f-d5e4bbba5192",
      "index": 60,
      "timestamp": "2024-10-31T23:05:33.919Z",
      "hash": "YBNbS3pl9wlo1Bl6pArYAm6s3+E=",
      "skip": 0
    },
    {
      "type": "SET_OPERATION_SCHEMA",
      "input": {
        "id": "H0UeZpA0hpFymYIfxJVQ8+B9CKM=",
        "schema": "input EDIT_PAYER_W"
      },
      "scope": "global",
      "id": "fde7c770-e271-4978-b2f5-24753500e615",
      "index": 61,
      "timestamp": "2024-10-31T23:05:34.897Z",
      "hash": "x5YiHPI1sTg/braK89xzZs3GD3I=",
      "skip": 0
    },
    {
      "type": "SET_OPERATION_SCHEMA",
      "input": {
        "id": "H0UeZpA0hpFymYIfxJVQ8+B9CKM=",
        "schema": "input EDIT_PAYER_WL"
      },
      "scope": "global",
      "id": "f7ab6717-300d-4a1f-8f7d-0033ac4e2f47",
      "index": 62,
      "timestamp": "2024-10-31T23:05:35.059Z",
      "hash": "4PBQyk/lW6tMWkjJJvaOwJ5Z0F8=",
      "skip": 0
    },
    {
      "type": "SET_OPERATION_SCHEMA",
      "input": {
        "id": "H0UeZpA0hpFymYIfxJVQ8+B9CKM=",
        "schema": "input EDIT_PAYER_WLL"
      },
      "scope": "global",
      "id": "1847ed18-1fb3-49ae-97c2-296ed27ffc49",
      "index": 63,
      "timestamp": "2024-10-31T23:05:35.190Z",
      "hash": "/TbsJB5adHW/yE9GHqxE05ISl0I=",
      "skip": 0
    },
    {
      "type": "SET_OPERATION_SCHEMA",
      "input": {
        "id": "H0UeZpA0hpFymYIfxJVQ8+B9CKM=",
        "schema": "input EDIT_PAYER_WL"
      },
      "scope": "global",
      "id": "f811edcb-38da-4283-ab18-b635f85358ba",
      "index": 64,
      "timestamp": "2024-10-31T23:05:35.667Z",
      "hash": "4PBQyk/lW6tMWkjJJvaOwJ5Z0F8=",
      "skip": 0
    },
    {
      "type": "SET_OPERATION_SCHEMA",
      "input": {
        "id": "H0UeZpA0hpFymYIfxJVQ8+B9CKM=",
        "schema": "input EDIT_PAYER_W"
      },
      "scope": "global",
      "id": "7c21da05-585b-43b1-8f93-705a8fe922a9",
      "index": 65,
      "timestamp": "2024-10-31T23:05:35.806Z",
      "hash": "x5YiHPI1sTg/braK89xzZs3GD3I=",
      "skip": 0
    },
    {
      "type": "SET_OPERATION_SCHEMA",
      "input": {
        "id": "H0UeZpA0hpFymYIfxJVQ8+B9CKM=",
        "schema": "input EDIT_PAYER_WA"
      },
      "scope": "global",
      "id": "cc932789-32fc-4442-86fd-f205d035a3f2",
      "index": 66,
      "timestamp": "2024-10-31T23:05:35.926Z",
      "hash": "ZUJJALeFTRx8PKWd5QCFG7A1LwA=",
      "skip": 0
    },
    {
      "type": "SET_OPERATION_SCHEMA",
      "input": {
        "id": "H0UeZpA0hpFymYIfxJVQ8+B9CKM=",
        "schema": "input EDIT_PAYER_W"
      },
      "scope": "global",
      "id": "38e24ad7-a19f-4bef-a3d4-619eff24ec5b",
      "index": 67,
      "timestamp": "2024-10-31T23:05:36.429Z",
      "hash": "x5YiHPI1sTg/braK89xzZs3GD3I=",
      "skip": 0
    },
    {
      "type": "SET_OPERATION_SCHEMA",
      "input": {
        "id": "H0UeZpA0hpFymYIfxJVQ8+B9CKM=",
        "schema": "input EDIT_PAYER_"
      },
      "scope": "global",
      "id": "f34e9ab6-b4e5-4469-b3a2-63d6cb5a218a",
      "index": 68,
      "timestamp": "2024-10-31T23:05:37.383Z",
      "hash": "YBNbS3pl9wlo1Bl6pArYAm6s3+E=",
      "skip": 0
    },
    {
      "type": "SET_OPERATION_SCHEMA",
      "input": {
        "id": "H0UeZpA0hpFymYIfxJVQ8+B9CKM=",
        "schema": "input EDIT_PAYE"
      },
      "scope": "global",
      "id": "a5ae3504-265b-4e04-952e-d64d973953d0",
      "index": 69,
      "timestamp": "2024-10-31T23:05:37.410Z",
      "hash": "EHybSvvq6YJ9LPgWt0b1X/SD9QU=",
      "skip": 0
    },
    {
      "type": "SET_OPERATION_SCHEMA",
      "input": {
        "id": "H0UeZpA0hpFymYIfxJVQ8+B9CKM=",
        "schema": "input EDIT_PA"
      },
      "scope": "global",
      "id": "6dfa816a-41a3-4267-865e-402a3e28c3d2",
      "index": 70,
      "timestamp": "2024-10-31T23:05:37.482Z",
      "hash": "MVpCR7bJHCUKwHp3n+CGY/QEuvI=",
      "skip": 0
    },
    {
      "type": "SET_OPERATION_SCHEMA",
      "input": {
        "id": "H0UeZpA0hpFymYIfxJVQ8+B9CKM=",
        "schema": "input EDIT_P"
      },
      "scope": "global",
      "id": "63b44cd5-173e-46b4-be73-440bb35ffe26",
      "index": 71,
      "timestamp": "2024-10-31T23:05:37.534Z",
      "hash": "Tp1XQSe2SkbBLIcbz/fXZ9NhmMI=",
      "skip": 0
    },
    {
      "type": "SET_OPERATION_SCHEMA",
      "input": {
        "id": "H0UeZpA0hpFymYIfxJVQ8+B9CKM=",
        "schema": "input EDIT_"
      },
      "scope": "global",
      "id": "217227fa-9814-45fb-81ca-49d795329afa",
      "index": 72,
      "timestamp": "2024-10-31T23:05:37.582Z",
      "hash": "QY+3UNeZm67DArttDDUbmF7aehE=",
      "skip": 0
    },
    {
      "type": "SET_OPERATION_SCHEMA",
      "input": {
        "id": "H0UeZpA0hpFymYIfxJVQ8+B9CKM=",
        "schema": "input EDIT"
      },
      "scope": "global",
      "id": "83864dc8-3367-4d7f-8d53-1e80ebbc28a9",
      "index": 73,
      "timestamp": "2024-10-31T23:05:37.662Z",
      "hash": "amaBZE3v5zpxHf+ICKCwLDJq3Sw=",
      "skip": 0
    },
    {
      "type": "SET_OPERATION_SCHEMA",
      "input": {
        "id": "H0UeZpA0hpFymYIfxJVQ8+B9CKM=",
        "schema": "input ED"
      },
      "scope": "global",
      "id": "b159f0c2-9dab-4f27-82e9-2af4f305bf1e",
      "index": 74,
      "timestamp": "2024-10-31T23:05:37.714Z",
      "hash": "l08m5ZhkdXRFRYzFNtQpGyeB0MU=",
      "skip": 0
    },
    {
      "type": "SET_OPERATION_SCHEMA",
      "input": {
        "id": "H0UeZpA0hpFymYIfxJVQ8+B9CKM=",
        "schema": "input E"
      },
      "scope": "global",
      "id": "332f2ac3-386f-4941-b644-707423277349",
      "index": 75,
      "timestamp": "2024-10-31T23:05:37.762Z",
      "hash": "z+gMS1aWlBr6LD2L0b1MIlGG2AU=",
      "skip": 0
    },
    {
      "type": "SET_OPERATION_SCHEMA",
      "input": {
        "id": "H0UeZpA0hpFymYIfxJVQ8+B9CKM=",
        "schema": "input E"
      },
      "scope": "global",
      "id": "c9686f7e-595a-4e07-a4af-a550c59a3578",
      "index": 194,
      "timestamp": "2024-10-31T23:05:50.593Z",
      "hash": "z+gMS1aWlBr6LD2L0b1MIlGG2AU=",
      "skip": 118
    },
    {
      "type": "SET_OPERATION_SCHEMA",
      "input": {
        "id": "H0UeZpA0hpFymYIfxJVQ8+B9CKM=",
        "schema": "input EditP"
      },
      "scope": "global",
      "id": "aa6ab248-0e94-42b4-b9e0-8f05e101255b",
      "index": 195,
      "timestamp": "2024-10-31T23:05:50.665Z",
      "hash": "7H00mjP0TC5sB+Rt0qNL44bKaDc=",
      "skip": 0
    },
    {
      "type": "SET_OPERATION_SCHEMA",
      "input": {
        "id": "H0UeZpA0hpFymYIfxJVQ8+B9CKM=",
        "schema": "input EditPa"
      },
      "scope": "global",
      "id": "e59f0d2b-d21d-44be-bbbf-a419c9a24435",
      "index": 196,
      "timestamp": "2024-10-31T23:05:50.716Z",
      "hash": "QFglnn+LDktn/0Q+Nk93olAoylY=",
      "skip": 0
    },
    {
      "type": "SET_OPERATION_SCHEMA",
      "input": {
        "id": "H0UeZpA0hpFymYIfxJVQ8+B9CKM=",
        "schema": "input EditPayerWallet"
      },
      "scope": "global",
      "id": "2fbe69ea-2741-4b65-9004-bf6a27867482",
      "index": 197,
      "timestamp": "2024-10-31T23:05:50.765Z",
      "hash": "w2PIaZPO7TCkWOPNFShyqPZ/B30=",
      "skip": 0
    },
    {
      "type": "SET_OPERATION_SCHEMA",
      "input": {
        "id": "H0UeZpA0hpFymYIfxJVQ8+B9CKM=",
        "schema": "input EditPayerWalletInpu"
      },
      "scope": "global",
      "id": "b71e195e-f57c-4fd5-816e-8fb49c5fcfd1",
      "index": 198,
      "timestamp": "2024-10-31T23:05:50.814Z",
      "hash": "A8huvdtQjh23iwZSGdusgGPhve0=",
      "skip": 0
    },
    {
      "type": "SET_OPERATION_SCHEMA",
      "input": {
        "id": "H0UeZpA0hpFymYIfxJVQ8+B9CKM=",
        "schema": "input EditPay"
      },
      "scope": "global",
      "id": "5192fbad-6da8-4afb-a168-9a3e8da13fea",
      "index": 199,
      "timestamp": "2024-10-31T23:05:50.889Z",
      "hash": "Ur9xw5nWe6mOAoWVg9JTyP6RvoQ=",
      "skip": 0
    },
    {
      "type": "SET_OPERATION_SCHEMA",
      "input": {
        "id": "H0UeZpA0hpFymYIfxJVQ8+B9CKM=",
        "schema": "input EditPayerW"
      },
      "scope": "global",
      "id": "515f4852-d9c1-49d0-a246-be1f03fa3600",
      "index": 200,
      "timestamp": "2024-10-31T23:05:50.937Z",
      "hash": "h5Ca7HnxTGOJS8kl8YOqKuZf8NY=",
      "skip": 0
    },
    {
      "type": "SET_OPERATION_SCHEMA",
      "input": {
        "id": "H0UeZpA0hpFymYIfxJVQ8+B9CKM=",
        "schema": "input EditPayerWal"
      },
      "scope": "global",
      "id": "59065e32-31cd-4129-a5c9-95b7bb1cf64f",
      "index": 201,
      "timestamp": "2024-10-31T23:05:50.989Z",
      "hash": "DfKkI9LfKV/crUhn+lu63aY3iho=",
      "skip": 0
    },
    {
      "type": "SET_OPERATION_SCHEMA",
      "input": {
        "id": "H0UeZpA0hpFymYIfxJVQ8+B9CKM=",
        "schema": "input EditPayerWalletInput "
      },
      "scope": "global",
      "id": "cd50a15e-f9b0-4d06-b0d7-48dd27eca5e3",
      "index": 202,
      "timestamp": "2024-10-31T23:05:51.011Z",
      "hash": "MHcMH8bGYtY+DScF/LVElvqAB+M=",
      "skip": 0
    },
    {
      "type": "SET_OPERATION_SCHEMA",
      "input": {
        "id": "H0UeZpA0hpFymYIfxJVQ8+B9CKM=",
        "schema": "input EditPayerWalletI"
      },
      "scope": "global",
      "id": "6b2d6db8-0d59-4ecb-8ea6-4494cb7e8375",
      "index": 203,
      "timestamp": "2024-10-31T23:05:51.060Z",
      "hash": "OS0/a0yiM8FDYf7pYFPt1CL1lmI=",
      "skip": 0
    },
    {
      "type": "SET_OPERATION_SCHEMA",
      "input": {
        "id": "H0UeZpA0hpFymYIfxJVQ8+B9CKM=",
        "schema": "input EditPayerWalletIn"
      },
      "scope": "global",
      "id": "fba919f4-6826-431d-b1c4-7a303c395316",
      "index": 204,
      "timestamp": "2024-10-31T23:05:51.131Z",
      "hash": "pHGsvuZOSyzehAJHYLWGVQq88IA=",
      "skip": 0
    },
    {
      "type": "SET_OPERATION_SCHEMA",
      "input": {
        "id": "H0UeZpA0hpFymYIfxJVQ8+B9CKM=",
        "schema": "input EditPayerWalletInput {\n  evmAddress: String\n}"
      },
      "scope": "global",
      "id": "2871c49b-3ae0-4b60-85f1-86a62a1f113b",
      "index": 205,
      "timestamp": "2024-10-31T23:05:51.182Z",
      "hash": "SOSZEBUZyuHx8mWNPAyDV84b2hA=",
      "skip": 0
    },
    {
      "type": "SET_OPERATION_SCHEMA",
      "input": {
        "id": "H0UeZpA0hpFymYIfxJVQ8+B9CKM=",
        "schema": "input EditPayerWalletInput {\n  evmAddress: String\n}"
      },
      "scope": "global",
      "id": "35760bfe-496c-4d89-8dd0-128a59e61bc0",
      "index": 206,
      "timestamp": "2024-10-31T23:05:51.230Z",
      "hash": "SOSZEBUZyuHx8mWNPAyDV84b2hA=",
      "skip": 0
    },
    {
      "type": "SET_OPERATION_SCHEMA",
      "input": {
        "id": "H0UeZpA0hpFymYIfxJVQ8+B9CKM=",
        "schema": "input EditPayerWalletInput {\n  \n  evmAddress: String\n}"
      },
      "scope": "global",
      "id": "ff605752-c4f9-4a92-a8ab-77198c0985c5",
      "index": 207,
      "timestamp": "2024-10-31T23:06:38.913Z",
      "hash": "o+ZfZyP4PHY5EXok8VSYlHItoGg=",
      "skip": 0
    },
    {
      "type": "SET_OPERATION_SCHEMA",
      "input": {
        "id": "H0UeZpA0hpFymYIfxJVQ8+B9CKM=",
        "schema": "input EditPayerWalletInput {\n  rpc: String\n  evmAddress: String\n}"
      },
      "scope": "global",
      "id": "92f5c718-fd34-43de-8d00-05334914dcff",
      "index": 208,
      "timestamp": "2024-10-31T23:06:40.711Z",
      "hash": "yPf9jhCwARiddSrVguc7GIin958=",
      "skip": 0
    },
    {
      "type": "SET_OPERATION_SCHEMA",
      "input": {
        "id": "H0UeZpA0hpFymYIfxJVQ8+B9CKM=",
        "schema": "input EditPayerWalletInput {\n  rpc: String\n  evmAddress: String\n}"
      },
      "scope": "global",
      "id": "40b91893-fa5b-4bdf-8b75-a76a848c436f",
      "index": 209,
      "timestamp": "2024-10-31T23:06:42.092Z",
      "hash": "yPf9jhCwARiddSrVguc7GIin958=",
      "skip": 0
    },
    {
      "type": "SET_OPERATION_SCHEMA",
      "input": {
        "id": "H0UeZpA0hpFymYIfxJVQ8+B9CKM=",
        "schema": "input EditPayerWalletInput {\n  rpc: String\n  \n  evmAddress: String\n}"
      },
      "scope": "global",
      "id": "16354e32-2061-4b17-b629-644b4cc38dc6",
      "index": 210,
      "timestamp": "2024-10-31T23:06:43.524Z",
      "hash": "Bi3EoSgDxeOO4g6/0KJ+YICJl7E=",
      "skip": 0
    },
    {
      "type": "SET_OPERATION_SCHEMA",
      "input": {
        "id": "H0UeZpA0hpFymYIfxJVQ8+B9CKM=",
        "schema": "input EditPayerWalletInput {\n  rpc: String\n  chainName: String\n  evmAddress: String\n}"
      },
      "scope": "global",
      "id": "da0b90c8-d57d-4238-ad77-c078c667fa2e",
      "index": 211,
      "timestamp": "2024-10-31T23:06:48.197Z",
      "hash": "65wgPfsWckwmFfwv8B6lcgAD70I=",
      "skip": 0
    },
    {
      "type": "SET_OPERATION_SCHEMA",
      "input": {
        "id": "H0UeZpA0hpFymYIfxJVQ8+B9CKM=",
        "schema": "input EditPayerWalletInput {\n  rpc: String\n  chainName: String\n  evmAddress: String\n}"
      },
      "scope": "global",
      "id": "aae3b3ad-e652-447b-be95-904926ca5924",
      "index": 212,
      "timestamp": "2024-10-31T23:06:48.617Z",
      "hash": "65wgPfsWckwmFfwv8B6lcgAD70I=",
      "skip": 0
    },
    {
      "type": "SET_OPERATION_SCHEMA",
      "input": {
        "id": "H0UeZpA0hpFymYIfxJVQ8+B9CKM=",
        "schema": "input EditPayerWalletInput {\n  rpc: String\n  chainName: String\n  \n  evmAddress: String\n}"
      },
      "scope": "global",
      "id": "aaf04d93-2082-42cc-b6e2-564ace651594",
      "index": 213,
      "timestamp": "2024-10-31T23:06:49.078Z",
      "hash": "gX7GspFdY+eCeLv6eESzEOfvnXU=",
      "skip": 0
    },
    {
      "type": "SET_OPERATION_SCHEMA",
      "input": {
        "id": "H0UeZpA0hpFymYIfxJVQ8+B9CKM=",
        "schema": "input EditPayerWalletInput {\n  rpc: String\n  chainName: String\n  chainId: String\n  evmAddress: String\n}"
      },
      "scope": "global",
      "id": "b47d7d43-5ee6-4526-a4fc-26bf644b5915",
      "index": 214,
      "timestamp": "2024-10-31T23:06:52.388Z",
      "hash": "DH3JGJlzx83IQJwvdwFTMLdkAI8=",
      "skip": 0
    },
    {
      "type": "SET_OPERATION_SCHEMA",
      "input": {
        "id": "H0UeZpA0hpFymYIfxJVQ8+B9CKM=",
        "schema": "input EditPayerWalletInput {\n  rpc: String\n  chainName: String\n  chainId: String\n  evmAddress: String\n}"
      },
      "scope": "global",
      "id": "bb752421-60b2-4aab-9f0d-e9a8d1153e0a",
      "index": 215,
      "timestamp": "2024-10-31T23:06:54.574Z",
      "hash": "DH3JGJlzx83IQJwvdwFTMLdkAI8=",
      "skip": 0
    },
    {
      "type": "SET_OPERATION_SCHEMA",
      "input": {
        "id": "H0UeZpA0hpFymYIfxJVQ8+B9CKM=",
        "schema": "input EditPayerWalletInput {\n  rpc: String\n  chainName: String\n  chainId: String\n  evmAddress: String\n}"
      },
      "scope": "global",
      "id": "4c9c75f9-704e-4f53-86d7-40a9cbf0d3f7",
      "index": 216,
      "timestamp": "2024-10-31T23:07:00.558Z",
      "hash": "DH3JGJlzx83IQJwvdwFTMLdkAI8=",
      "skip": 0
    },
    {
      "type": "SET_STATE_SCHEMA",
      "input": {
        "schema": "type InvoiceState {\n    invoiceNo: String! # Invoice Number (e.g., 2024-001) The invoice numbering can be sequential Numbering INV-001 ; INV-002 String-base numbering 2024-09-03-456; drive explorer can set default to previous No + 1\n    dateIssued: String! # default value: today, e.g. 2024-01-31; user defined at first, then automated but user can override, auditor gets notified\n    dateDue: String! # default value: 30 days after issue date;\n    dateDelivered: String\n    title: String # Optional for use of the \"file name\" of the document.\n    status: Status!\n    refs: [Ref!]! # Legal stuff, component ID, whatever. Placeholdery.\n    issuer: LegalEntity!\n    payer: LegalEntity!\n    currency: String! # Default can be USD\n    lineItems: [InvoiceLineItem!]!\n    totalPriceTaxExcl: Float! # Currency will be the same for now, as is set on the InvoiceState level\n    totalPriceTaxIncl: Float! # Currency will be the same for now, as is set on the InvoiceState level\n}\n\ntype Ref\n\ntype Token {\n    evmAddress: String\n    symbol: String\n    chainName: String\n    chainId: String\n    rpc: String\n}\n\ntype LegalEntity {\n    id: LegalEntityId\n    name: String\n    address: Address\n    contactInfo: ContactInfo\n    country: String\n    paymentRouting: PaymentRouting\n}\n\ntype Address {\n    streetAddress: String\n    extendedAddress: String\n    city: String\n    postalCode: String\n    country: String\n    stateProvince: String\n}\n\ntype ContactInfo {\n    tel: String\n    email: String\n}\n\ntype PaymentRouting {\n    bank: Bank\n    wallet: Wallet\n}\n\ntype Bank {\n    name: String!\n    address: Address!\n    contact: ContactInfo\n    ABA: String\n    IBAN: String\n    SWIFT: String\n    accountNum: String!\n    accountType: AccountType\n    beneficiary: String\n    intermediaryBank: IntermediaryBank\n    memo: String\n}\n\ntype IntermediaryBank {\n    name: String!\n    address: Address!\n    contact: ContactInfo\n    ABA: String\n    IBAN: String\n    SWIFT: String\n    accountNum: String!\n    accountType: AccountType\n    beneficiary: String\n    memo: String\n}\n\ntype Wallet {\n    rpc: String\n    chainName: String\n    chainId: String\n    address: String\n}\n\ntype InvoiceLineItem {\n    id: OID!\n    description: String!\n    taxPercent: Float!\n    quantity: Float!\n    currency: String! # Default can be USD\n    unitPriceTaxExcl: Float! # Currency will be the same for now, as is set on the InvoiceState level\n    unitPriceTaxIncl: Float! # Currency will be the same for now, as is set on the InvoiceState level\n    totalPriceTaxExcl: Float! # Currency will be the same for now, as is set on the InvoiceState level\n    totalPriceTaxIncl: Float! # Currency will be the same for now, as is set on the InvoiceState level\n}\n\nunion LegalEntityId = LegalEntityTaxId | LegalEntityCorporateRegistrationId\n\ntype LegalEntityTaxId {\n    taxId: String!\n}\n\ntype LegalEntityCorporateRegistrationId {\n    corpRegId: String!\n}\n\nenum Status {\n    DRAFT\n    ISSUED\n    ACCEPTED\n    REJECTED\n    PAID\n}\n\nenum AccountType {\n    CHECKING\n    SAVINGS\n    TRUST\n    WALLET\n}",
        "scope": "global"
      },
      "scope": "global",
      "id": "60a25287-81d4-43ba-bbda-83571a044551",
      "index": 217,
      "timestamp": "2024-10-31T23:08:42.538Z",
      "hash": "1C7qVrIB8X36370oyElrX6Jw+a8=",
      "skip": 0
    },
    {
      "type": "SET_STATE_SCHEMA",
      "input": {
        "schema": "type InvoiceState {\n    invoiceNo: String! # Invoice Number (e.g., 2024-001) The invoice numbering can be sequential Numbering INV-001 ; INV-002 String-base numbering 2024-09-03-456; drive explorer can set default to previous No + 1\n    dateIssued: String! # default value: today, e.g. 2024-01-31; user defined at first, then automated but user can override, auditor gets notified\n    dateDue: String! # default value: 30 days after issue date;\n    dateDelivered: String\n    title: String # Optional for use of the \"file name\" of the document.\n    status: Status!\n    refs: [Ref!]! # Legal stuff, component ID, whatever. Placeholdery.\n    issuer: LegalEntity!\n    payer: LegalEntity!\n    currency: String! # Default can be USD\n    lineItems: [InvoiceLineItem!]!\n    totalPriceTaxExcl: Float! # Currency will be the same for now, as is set on the InvoiceState level\n    totalPriceTaxIncl: Float! # Currency will be the same for now, as is set on the InvoiceState level\n}\n\ntype Ref \n\ntype Token {\n    evmAddress: String\n    symbol: String\n    chainName: String\n    chainId: String\n    rpc: String\n}\n\ntype LegalEntity {\n    id: LegalEntityId\n    name: String\n    address: Address\n    contactInfo: ContactInfo\n    country: String\n    paymentRouting: PaymentRouting\n}\n\ntype Address {\n    streetAddress: String\n    extendedAddress: String\n    city: String\n    postalCode: String\n    country: String\n    stateProvince: String\n}\n\ntype ContactInfo {\n    tel: String\n    email: String\n}\n\ntype PaymentRouting {\n    bank: Bank\n    wallet: Wallet\n}\n\ntype Bank {\n    name: String!\n    address: Address!\n    contact: ContactInfo\n    ABA: String\n    IBAN: String\n    SWIFT: String\n    accountNum: String!\n    accountType: AccountType\n    beneficiary: String\n    intermediaryBank: IntermediaryBank\n    memo: String\n}\n\ntype IntermediaryBank {\n    name: String!\n    address: Address!\n    contact: ContactInfo\n    ABA: String\n    IBAN: String\n    SWIFT: String\n    accountNum: String!\n    accountType: AccountType\n    beneficiary: String\n    memo: String\n}\n\ntype Wallet {\n    rpc: String\n    chainName: String\n    chainId: String\n    address: String\n}\n\ntype InvoiceLineItem {\n    id: OID!\n    description: String!\n    taxPercent: Float!\n    quantity: Float!\n    currency: String! # Default can be USD\n    unitPriceTaxExcl: Float! # Currency will be the same for now, as is set on the InvoiceState level\n    unitPriceTaxIncl: Float! # Currency will be the same for now, as is set on the InvoiceState level\n    totalPriceTaxExcl: Float! # Currency will be the same for now, as is set on the InvoiceState level\n    totalPriceTaxIncl: Float! # Currency will be the same for now, as is set on the InvoiceState level\n}\n\nunion LegalEntityId = LegalEntityTaxId | LegalEntityCorporateRegistrationId\n\ntype LegalEntityTaxId {\n    taxId: String!\n}\n\ntype LegalEntityCorporateRegistrationId {\n    corpRegId: String!\n}\n\nenum Status {\n    DRAFT\n    ISSUED\n    ACCEPTED\n    REJECTED\n    PAID\n}\n\nenum AccountType {\n    CHECKING\n    SAVINGS\n    TRUST\n    WALLET\n}",
        "scope": "global"
      },
      "scope": "global",
      "id": "56551d01-8478-4742-a855-46f3abc7ab4a",
      "index": 218,
      "timestamp": "2024-10-31T23:08:45.432Z",
      "hash": "1YGoCZm65CABdJcORSOymt/5yPU=",
      "skip": 0
    },
    {
      "type": "SET_STATE_SCHEMA",
      "input": {
        "schema": "type InvoiceState {\n    invoiceNo: String! # Invoice Number (e.g., 2024-001) The invoice numbering can be sequential Numbering INV-001 ; INV-002 String-base numbering 2024-09-03-456; drive explorer can set default to previous No + 1\n    dateIssued: String! # default value: today, e.g. 2024-01-31; user defined at first, then automated but user can override, auditor gets notified\n    dateDue: String! # default value: 30 days after issue date;\n    dateDelivered: String\n    title: String # Optional for use of the \"file name\" of the document.\n    status: Status!\n    refs: [Ref!]! # Legal stuff, component ID, whatever. Placeholdery.\n    issuer: LegalEntity!\n    payer: LegalEntity!\n    currency: String! # Default can be USD\n    lineItems: [InvoiceLineItem!]!\n    totalPriceTaxExcl: Float! # Currency will be the same for now, as is set on the InvoiceState level\n    totalPriceTaxIncl: Float! # Currency will be the same for now, as is set on the InvoiceState level\n}\n\ntype Ref {\n  id: OID\n}\n\ntype Token {\n    evmAddress: String\n    symbol: String\n    chainName: String\n    chainId: String\n    rpc: String\n}\n\ntype LegalEntity {\n    id: LegalEntityId\n    name: String\n    address: Address\n    contactInfo: ContactInfo\n    country: String\n    paymentRouting: PaymentRouting\n}\n\ntype Address {\n    streetAddress: String\n    extendedAddress: String\n    city: String\n    postalCode: String\n    country: String\n    stateProvince: String\n}\n\ntype ContactInfo {\n    tel: String\n    email: String\n}\n\ntype PaymentRouting {\n    bank: Bank\n    wallet: Wallet\n}\n\ntype Bank {\n    name: String!\n    address: Address!\n    contact: ContactInfo\n    ABA: String\n    IBAN: String\n    SWIFT: String\n    accountNum: String!\n    accountType: AccountType\n    beneficiary: String\n    intermediaryBank: IntermediaryBank\n    memo: String\n}\n\ntype IntermediaryBank {\n    name: String!\n    address: Address!\n    contact: ContactInfo\n    ABA: String\n    IBAN: String\n    SWIFT: String\n    accountNum: String!\n    accountType: AccountType\n    beneficiary: String\n    memo: String\n}\n\ntype Wallet {\n    rpc: String\n    chainName: String\n    chainId: String\n    address: String\n}\n\ntype InvoiceLineItem {\n    id: OID!\n    description: String!\n    taxPercent: Float!\n    quantity: Float!\n    currency: String! # Default can be USD\n    unitPriceTaxExcl: Float! # Currency will be the same for now, as is set on the InvoiceState level\n    unitPriceTaxIncl: Float! # Currency will be the same for now, as is set on the InvoiceState level\n    totalPriceTaxExcl: Float! # Currency will be the same for now, as is set on the InvoiceState level\n    totalPriceTaxIncl: Float! # Currency will be the same for now, as is set on the InvoiceState level\n}\n\nunion LegalEntityId = LegalEntityTaxId | LegalEntityCorporateRegistrationId\n\ntype LegalEntityTaxId {\n    taxId: String!\n}\n\ntype LegalEntityCorporateRegistrationId {\n    corpRegId: String!\n}\n\nenum Status {\n    DRAFT\n    ISSUED\n    ACCEPTED\n    REJECTED\n    PAID\n}\n\nenum AccountType {\n    CHECKING\n    SAVINGS\n    TRUST\n    WALLET\n}",
        "scope": "global"
      },
      "scope": "global",
      "id": "8783e442-1f9a-4650-ac9b-34f92e1ccfa9",
      "index": 219,
      "timestamp": "2024-10-31T23:08:48.174Z",
      "hash": "wsNNrbnGppcuAMQs7hpLKbPgHhE=",
      "skip": 0
    },
    {
      "type": "SET_STATE_SCHEMA",
      "input": {
        "schema": "type InvoiceState {\n    invoiceNo: String! # Invoice Number (e.g., 2024-001) The invoice numbering can be sequential Numbering INV-001 ; INV-002 String-base numbering 2024-09-03-456; drive explorer can set default to previous No + 1\n    dateIssued: String! # default value: today, e.g. 2024-01-31; user defined at first, then automated but user can override, auditor gets notified\n    dateDue: String! # default value: 30 days after issue date;\n    dateDelivered: String\n    title: String # Optional for use of the \"file name\" of the document.\n    status: Status!\n    refs: [Ref!]! # Legal stuff, component ID, whatever. Placeholdery.\n    issuer: LegalEntity!\n    payer: LegalEntity!\n    currency: String! # Default can be USD\n    lineItems: [InvoiceLineItem!]!\n    totalPriceTaxExcl: Float! # Currency will be the same for now, as is set on the InvoiceState level\n    totalPriceTaxIncl: Float! # Currency will be the same for now, as is set on the InvoiceState level\n}\n\ntype Ref {\n  id: OID,\n}\n\ntype Token {\n    evmAddress: String\n    symbol: String\n    chainName: String\n    chainId: String\n    rpc: String\n}\n\ntype LegalEntity {\n    id: LegalEntityId\n    name: String\n    address: Address\n    contactInfo: ContactInfo\n    country: String\n    paymentRouting: PaymentRouting\n}\n\ntype Address {\n    streetAddress: String\n    extendedAddress: String\n    city: String\n    postalCode: String\n    country: String\n    stateProvince: String\n}\n\ntype ContactInfo {\n    tel: String\n    email: String\n}\n\ntype PaymentRouting {\n    bank: Bank\n    wallet: Wallet\n}\n\ntype Bank {\n    name: String!\n    address: Address!\n    contact: ContactInfo\n    ABA: String\n    IBAN: String\n    SWIFT: String\n    accountNum: String!\n    accountType: AccountType\n    beneficiary: String\n    intermediaryBank: IntermediaryBank\n    memo: String\n}\n\ntype IntermediaryBank {\n    name: String!\n    address: Address!\n    contact: ContactInfo\n    ABA: String\n    IBAN: String\n    SWIFT: String\n    accountNum: String!\n    accountType: AccountType\n    beneficiary: String\n    memo: String\n}\n\ntype Wallet {\n    rpc: String\n    chainName: String\n    chainId: String\n    address: String\n}\n\ntype InvoiceLineItem {\n    id: OID!\n    description: String!\n    taxPercent: Float!\n    quantity: Float!\n    currency: String! # Default can be USD\n    unitPriceTaxExcl: Float! # Currency will be the same for now, as is set on the InvoiceState level\n    unitPriceTaxIncl: Float! # Currency will be the same for now, as is set on the InvoiceState level\n    totalPriceTaxExcl: Float! # Currency will be the same for now, as is set on the InvoiceState level\n    totalPriceTaxIncl: Float! # Currency will be the same for now, as is set on the InvoiceState level\n}\n\nunion LegalEntityId = LegalEntityTaxId | LegalEntityCorporateRegistrationId\n\ntype LegalEntityTaxId {\n    taxId: String!\n}\n\ntype LegalEntityCorporateRegistrationId {\n    corpRegId: String!\n}\n\nenum Status {\n    DRAFT\n    ISSUED\n    ACCEPTED\n    REJECTED\n    PAID\n}\n\nenum AccountType {\n    CHECKING\n    SAVINGS\n    TRUST\n    WALLET\n}",
        "scope": "global"
      },
      "scope": "global",
      "id": "d4a27b51-2cc9-4505-9fc1-54b84e7a70ea",
      "index": 220,
      "timestamp": "2024-10-31T23:08:48.695Z",
      "hash": "SZm8gT/oXzFDVfu9pwjF2QxKxik=",
      "skip": 0
    },
    {
      "type": "SET_STATE_SCHEMA",
      "input": {
        "schema": "type InvoiceState {\n    invoiceNo: String! # Invoice Number (e.g., 2024-001) The invoice numbering can be sequential Numbering INV-001 ; INV-002 String-base numbering 2024-09-03-456; drive explorer can set default to previous No + 1\n    dateIssued: String! # default value: today, e.g. 2024-01-31; user defined at first, then automated but user can override, auditor gets notified\n    dateDue: String! # default value: 30 days after issue date;\n    dateDelivered: String\n    title: String # Optional for use of the \"file name\" of the document.\n    status: Status!\n    refs: [Ref!]! # Legal stuff, component ID, whatever. Placeholdery.\n    issuer: LegalEntity!\n    payer: LegalEntity!\n    currency: String! # Default can be USD\n    lineItems: [InvoiceLineItem!]!\n    totalPriceTaxExcl: Float! # Currency will be the same for now, as is set on the InvoiceState level\n    totalPriceTaxIncl: Float! # Currency will be the same for now, as is set on the InvoiceState level\n}\n\ntype Ref {\n  id: OID,\n  \n}\n\ntype Token {\n    evmAddress: String\n    symbol: String\n    chainName: String\n    chainId: String\n    rpc: String\n}\n\ntype LegalEntity {\n    id: LegalEntityId\n    name: String\n    address: Address\n    contactInfo: ContactInfo\n    country: String\n    paymentRouting: PaymentRouting\n}\n\ntype Address {\n    streetAddress: String\n    extendedAddress: String\n    city: String\n    postalCode: String\n    country: String\n    stateProvince: String\n}\n\ntype ContactInfo {\n    tel: String\n    email: String\n}\n\ntype PaymentRouting {\n    bank: Bank\n    wallet: Wallet\n}\n\ntype Bank {\n    name: String!\n    address: Address!\n    contact: ContactInfo\n    ABA: String\n    IBAN: String\n    SWIFT: String\n    accountNum: String!\n    accountType: AccountType\n    beneficiary: String\n    intermediaryBank: IntermediaryBank\n    memo: String\n}\n\ntype IntermediaryBank {\n    name: String!\n    address: Address!\n    contact: ContactInfo\n    ABA: String\n    IBAN: String\n    SWIFT: String\n    accountNum: String!\n    accountType: AccountType\n    beneficiary: String\n    memo: String\n}\n\ntype Wallet {\n    rpc: String\n    chainName: String\n    chainId: String\n    address: String\n}\n\ntype InvoiceLineItem {\n    id: OID!\n    description: String!\n    taxPercent: Float!\n    quantity: Float!\n    currency: String! # Default can be USD\n    unitPriceTaxExcl: Float! # Currency will be the same for now, as is set on the InvoiceState level\n    unitPriceTaxIncl: Float! # Currency will be the same for now, as is set on the InvoiceState level\n    totalPriceTaxExcl: Float! # Currency will be the same for now, as is set on the InvoiceState level\n    totalPriceTaxIncl: Float! # Currency will be the same for now, as is set on the InvoiceState level\n}\n\nunion LegalEntityId = LegalEntityTaxId | LegalEntityCorporateRegistrationId\n\ntype LegalEntityTaxId {\n    taxId: String!\n}\n\ntype LegalEntityCorporateRegistrationId {\n    corpRegId: String!\n}\n\nenum Status {\n    DRAFT\n    ISSUED\n    ACCEPTED\n    REJECTED\n    PAID\n}\n\nenum AccountType {\n    CHECKING\n    SAVINGS\n    TRUST\n    WALLET\n}",
        "scope": "global"
      },
      "scope": "global",
      "id": "8bd80986-5a59-479b-9dd5-a919a60c4992",
      "index": 221,
      "timestamp": "2024-10-31T23:08:48.998Z",
      "hash": "sE5bFa7tghM1ttukHfeAgQ9RnVw=",
      "skip": 0
    },
    {
      "type": "SET_STATE_SCHEMA",
      "input": {
        "schema": "type InvoiceState {\n    invoiceNo: String! # Invoice Number (e.g., 2024-001) The invoice numbering can be sequential Numbering INV-001 ; INV-002 String-base numbering 2024-09-03-456; drive explorer can set default to previous No + 1\n    dateIssued: String! # default value: today, e.g. 2024-01-31; user defined at first, then automated but user can override, auditor gets notified\n    dateDue: String! # default value: 30 days after issue date;\n    dateDelivered: String\n    title: String # Optional for use of the \"file name\" of the document.\n    status: Status!\n    refs: [Ref!]! # Legal stuff, component ID, whatever. Placeholdery.\n    issuer: LegalEntity!\n    payer: LegalEntity!\n    currency: String! # Default can be USD\n    lineItems: [InvoiceLineItem!]!\n    totalPriceTaxExcl: Float! # Currency will be the same for now, as is set on the InvoiceState level\n    totalPriceTaxIncl: Float! # Currency will be the same for now, as is set on the InvoiceState level\n}\n\ntype Ref {\n  id: OID,\n  value: String\n}\n\ntype Token {\n    evmAddress: String\n    symbol: String\n    chainName: String\n    chainId: String\n    rpc: String\n}\n\ntype LegalEntity {\n    id: LegalEntityId\n    name: String\n    address: Address\n    contactInfo: ContactInfo\n    country: String\n    paymentRouting: PaymentRouting\n}\n\ntype Address {\n    streetAddress: String\n    extendedAddress: String\n    city: String\n    postalCode: String\n    country: String\n    stateProvince: String\n}\n\ntype ContactInfo {\n    tel: String\n    email: String\n}\n\ntype PaymentRouting {\n    bank: Bank\n    wallet: Wallet\n}\n\ntype Bank {\n    name: String!\n    address: Address!\n    contact: ContactInfo\n    ABA: String\n    IBAN: String\n    SWIFT: String\n    accountNum: String!\n    accountType: AccountType\n    beneficiary: String\n    intermediaryBank: IntermediaryBank\n    memo: String\n}\n\ntype IntermediaryBank {\n    name: String!\n    address: Address!\n    contact: ContactInfo\n    ABA: String\n    IBAN: String\n    SWIFT: String\n    accountNum: String!\n    accountType: AccountType\n    beneficiary: String\n    memo: String\n}\n\ntype Wallet {\n    rpc: String\n    chainName: String\n    chainId: String\n    address: String\n}\n\ntype InvoiceLineItem {\n    id: OID!\n    description: String!\n    taxPercent: Float!\n    quantity: Float!\n    currency: String! # Default can be USD\n    unitPriceTaxExcl: Float! # Currency will be the same for now, as is set on the InvoiceState level\n    unitPriceTaxIncl: Float! # Currency will be the same for now, as is set on the InvoiceState level\n    totalPriceTaxExcl: Float! # Currency will be the same for now, as is set on the InvoiceState level\n    totalPriceTaxIncl: Float! # Currency will be the same for now, as is set on the InvoiceState level\n}\n\nunion LegalEntityId = LegalEntityTaxId | LegalEntityCorporateRegistrationId\n\ntype LegalEntityTaxId {\n    taxId: String!\n}\n\ntype LegalEntityCorporateRegistrationId {\n    corpRegId: String!\n}\n\nenum Status {\n    DRAFT\n    ISSUED\n    ACCEPTED\n    REJECTED\n    PAID\n}\n\nenum AccountType {\n    CHECKING\n    SAVINGS\n    TRUST\n    WALLET\n}",
        "scope": "global"
      },
      "scope": "global",
      "id": "dd0e9d7e-80c2-4d7d-8b36-5e4f6f125988",
      "index": 222,
      "timestamp": "2024-10-31T23:08:52.306Z",
      "hash": "Ifg6uZBkdxRKxzeIztm69E0QR8Q=",
      "skip": 0
    },
    {
      "type": "SET_STATE_SCHEMA",
      "input": {
        "schema": "type InvoiceState {\n    invoiceNo: String! # Invoice Number (e.g., 2024-001) The invoice numbering can be sequential Numbering INV-001 ; INV-002 String-base numbering 2024-09-03-456; drive explorer can set default to previous No + 1\n    dateIssued: String! # default value: today, e.g. 2024-01-31; user defined at first, then automated but user can override, auditor gets notified\n    dateDue: String! # default value: 30 days after issue date;\n    dateDelivered: String\n    title: String # Optional for use of the \"file name\" of the document.\n    status: Status!\n    refs: [Ref!]! # Legal stuff, component ID, whatever. Placeholdery.\n    issuer: LegalEntity!\n    payer: LegalEntity!\n    currency: String! # Default can be USD\n    lineItems: [InvoiceLineItem!]!\n    totalPriceTaxExcl: Float! # Currency will be the same for now, as is set on the InvoiceState level\n    totalPriceTaxIncl: Float! # Currency will be the same for now, as is set on the InvoiceState level\n}\n\ntype Ref {\n  id: OID!,\n  value: String\n}\n\ntype Token {\n    evmAddress: String\n    symbol: String\n    chainName: String\n    chainId: String\n    rpc: String\n}\n\ntype LegalEntity {\n    id: LegalEntityId\n    name: String\n    address: Address\n    contactInfo: ContactInfo\n    country: String\n    paymentRouting: PaymentRouting\n}\n\ntype Address {\n    streetAddress: String\n    extendedAddress: String\n    city: String\n    postalCode: String\n    country: String\n    stateProvince: String\n}\n\ntype ContactInfo {\n    tel: String\n    email: String\n}\n\ntype PaymentRouting {\n    bank: Bank\n    wallet: Wallet\n}\n\ntype Bank {\n    name: String!\n    address: Address!\n    contact: ContactInfo\n    ABA: String\n    IBAN: String\n    SWIFT: String\n    accountNum: String!\n    accountType: AccountType\n    beneficiary: String\n    intermediaryBank: IntermediaryBank\n    memo: String\n}\n\ntype IntermediaryBank {\n    name: String!\n    address: Address!\n    contact: ContactInfo\n    ABA: String\n    IBAN: String\n    SWIFT: String\n    accountNum: String!\n    accountType: AccountType\n    beneficiary: String\n    memo: String\n}\n\ntype Wallet {\n    rpc: String\n    chainName: String\n    chainId: String\n    address: String\n}\n\ntype InvoiceLineItem {\n    id: OID!\n    description: String!\n    taxPercent: Float!\n    quantity: Float!\n    currency: String! # Default can be USD\n    unitPriceTaxExcl: Float! # Currency will be the same for now, as is set on the InvoiceState level\n    unitPriceTaxIncl: Float! # Currency will be the same for now, as is set on the InvoiceState level\n    totalPriceTaxExcl: Float! # Currency will be the same for now, as is set on the InvoiceState level\n    totalPriceTaxIncl: Float! # Currency will be the same for now, as is set on the InvoiceState level\n}\n\nunion LegalEntityId = LegalEntityTaxId | LegalEntityCorporateRegistrationId\n\ntype LegalEntityTaxId {\n    taxId: String!\n}\n\ntype LegalEntityCorporateRegistrationId {\n    corpRegId: String!\n}\n\nenum Status {\n    DRAFT\n    ISSUED\n    ACCEPTED\n    REJECTED\n    PAID\n}\n\nenum AccountType {\n    CHECKING\n    SAVINGS\n    TRUST\n    WALLET\n}",
        "scope": "global"
      },
      "scope": "global",
      "id": "24e29b8e-aaf1-41f2-8165-87c240f0d8e0",
      "index": 223,
      "timestamp": "2024-10-31T23:08:54.355Z",
      "hash": "AN9aKY1U2nMsOIVVf8/thCM9lZk=",
      "skip": 0
    },
    {
      "type": "SET_STATE_SCHEMA",
      "input": {
        "schema": "type InvoiceState {\n    invoiceNo: String! # Invoice Number (e.g., 2024-001) The invoice numbering can be sequential Numbering INV-001 ; INV-002 String-base numbering 2024-09-03-456; drive explorer can set default to previous No + 1\n    dateIssued: String! # default value: today, e.g. 2024-01-31; user defined at first, then automated but user can override, auditor gets notified\n    dateDue: String! # default value: 30 days after issue date;\n    dateDelivered: String\n    title: String # Optional for use of the \"file name\" of the document.\n    status: Status!\n    refs: [Ref!]! # Legal stuff, component ID, whatever. Placeholdery.\n    issuer: LegalEntity!\n    payer: LegalEntity!\n    currency: String! # Default can be USD\n    lineItems: [InvoiceLineItem!]!\n    totalPriceTaxExcl: Float! # Currency will be the same for now, as is set on the InvoiceState level\n    totalPriceTaxIncl: Float! # Currency will be the same for now, as is set on the InvoiceState level\n}\n\ntype Ref {\n  id: OID!,\n  value: String!\n}\n\ntype Token {\n    evmAddress: String\n    symbol: String\n    chainName: String\n    chainId: String\n    rpc: String\n}\n\ntype LegalEntity {\n    id: LegalEntityId\n    name: String\n    address: Address\n    contactInfo: ContactInfo\n    country: String\n    paymentRouting: PaymentRouting\n}\n\ntype Address {\n    streetAddress: String\n    extendedAddress: String\n    city: String\n    postalCode: String\n    country: String\n    stateProvince: String\n}\n\ntype ContactInfo {\n    tel: String\n    email: String\n}\n\ntype PaymentRouting {\n    bank: Bank\n    wallet: Wallet\n}\n\ntype Bank {\n    name: String!\n    address: Address!\n    contact: ContactInfo\n    ABA: String\n    IBAN: String\n    SWIFT: String\n    accountNum: String!\n    accountType: AccountType\n    beneficiary: String\n    intermediaryBank: IntermediaryBank\n    memo: String\n}\n\ntype IntermediaryBank {\n    name: String!\n    address: Address!\n    contact: ContactInfo\n    ABA: String\n    IBAN: String\n    SWIFT: String\n    accountNum: String!\n    accountType: AccountType\n    beneficiary: String\n    memo: String\n}\n\ntype Wallet {\n    rpc: String\n    chainName: String\n    chainId: String\n    address: String\n}\n\ntype InvoiceLineItem {\n    id: OID!\n    description: String!\n    taxPercent: Float!\n    quantity: Float!\n    currency: String! # Default can be USD\n    unitPriceTaxExcl: Float! # Currency will be the same for now, as is set on the InvoiceState level\n    unitPriceTaxIncl: Float! # Currency will be the same for now, as is set on the InvoiceState level\n    totalPriceTaxExcl: Float! # Currency will be the same for now, as is set on the InvoiceState level\n    totalPriceTaxIncl: Float! # Currency will be the same for now, as is set on the InvoiceState level\n}\n\nunion LegalEntityId = LegalEntityTaxId | LegalEntityCorporateRegistrationId\n\ntype LegalEntityTaxId {\n    taxId: String!\n}\n\ntype LegalEntityCorporateRegistrationId {\n    corpRegId: String!\n}\n\nenum Status {\n    DRAFT\n    ISSUED\n    ACCEPTED\n    REJECTED\n    PAID\n}\n\nenum AccountType {\n    CHECKING\n    SAVINGS\n    TRUST\n    WALLET\n}",
        "scope": "global"
      },
      "scope": "global",
      "id": "c14b61af-1635-4523-9e28-bc90441eca62",
      "index": 224,
      "timestamp": "2024-10-31T23:08:59.559Z",
      "hash": "1+1ir2p4V8npUl4ItQql0QWQBV0=",
      "skip": 0
    },
    {
      "type": "SET_STATE_SCHEMA",
      "input": {
        "schema": "type InvoiceState {\n    invoiceNo: String! # Invoice Number (e.g., 2024-001) The invoice numbering can be sequential Numbering INV-001 ; INV-002 String-base numbering 2024-09-03-456; drive explorer can set default to previous No + 1\n    dateIssued: String! # default value: today, e.g. 2024-01-31; user defined at first, then automated but user can override, auditor gets notified\n    dateDue: String! # default value: 30 days after issue date;\n    dateDelivered: String\n    title: String # Optional for use of the \"file name\" of the document.\n    status: Status!\n    refs: [Ref!]! # Legal stuff, component ID, whatever. Placeholdery.\n    issuer: LegalEntity!\n    payer: LegalEntity!\n    currency: String! # Default can be USD\n    lineItems: [InvoiceLineItem!]!\n    totalPriceTaxExcl: Float! # Currency will be the same for now, as is set on the InvoiceState level\n    totalPriceTaxIncl: Float! # Currency will be the same for now, as is set on the InvoiceState level\n}\n\ntype Ref {\n  id: OID!,\n  value: String!\n}\n\ntype Token {\n    evmAddress: String\n    symbol: String\n    chainName: String\n    chainId: String\n    rpc: String\n}\n\ntype LegalEntity {\n    id: LegalEntityId\n    name: String\n    address: Address\n    contactInfo: ContactInfo\n    country: String\n    paymentRouting: PaymentRouting\n}\n\ntype Address {\n    streetAddress: String\n    extendedAddress: String\n    city: String\n    postalCode: String\n    country: String\n    stateProvince: String\n}\n\ntype ContactInfo {\n    tel: String\n    email: String\n}\n\ntype PaymentRouting {\n    bank: Bank\n    wallet: Wallet\n}\n\ntype Bank {\n    name: String!\n    address: Address!\n    contact: ContactInfo\n    ABA: String\n    IBAN: String\n    SWIFT: String\n    accountNum: String!\n    accountType: AccountType\n    beneficiary: String\n    intermediaryBank: IntermediaryBank\n    memo: String\n}\n\ntype IntermediaryBank {\n    name: String!\n    address: Address!\n    contact: ContactInfo\n    ABA: String\n    IBAN: String\n    SWIFT: String\n    accountNum: String!\n    accountType: AccountType\n    beneficiary: String\n    memo: String\n}\n\ntype Wallet {\n    rpc: String\n    chainName: String\n    chainId: String\n    address: String\n}\n\ntype InvoiceLineItem {\n    id: OID!\n    description: String!\n    taxPercent: Float!\n    quantity: Float!\n    currency: String! # Default can be USD\n    unitPriceTaxExcl: Float! # Currency will be the same for now, as is set on the InvoiceState level\n    unitPriceTaxIncl: Float! # Currency will be the same for now, as is set on the InvoiceState level\n    totalPriceTaxExcl: Float! # Currency will be the same for now, as is set on the InvoiceState level\n    totalPriceTaxIncl: Float! # Currency will be the same for now, as is set on the InvoiceState level\n}\n\nunion LegalEntityId = LegalEntityTaxId | LegalEntityCorporateRegistrationId\n\ntype LegalEntityTaxId {\n    taxId: String!\n}\n\ntype LegalEntityCorporateRegistrationId {\n    corpRegId: String!\n}\n\nenum Status {\n    DRAFT\n    ISSUED\n    ACCEPTED\n    REJECTED\n    PAID\n}\n\nenum AccountType {\n    CHECKING\n    SAVINGS\n    TRUST\n    WALLET\n}",
        "scope": "global"
      },
      "scope": "global",
      "id": "f503dfa3-34ca-4617-9f9f-a93a3a016291",
      "index": 225,
      "timestamp": "2024-10-31T23:09:05.108Z",
      "hash": "1+1ir2p4V8npUl4ItQql0QWQBV0=",
      "skip": 0
    },
    {
      "type": "SET_OPERATION_SCHEMA",
      "input": {
        "id": "H0UeZpA0hpFymYIfxJVQ8+B9CKM=",
        "schema": "input EditPayerWalletInput {\n  rpc: String\n  chainName: String\n  chainId: String\n  address: String\n}"
      },
      "scope": "global",
      "id": "fa6a184f-7fd4-4e55-95dc-383406f9dc05",
      "index": 226,
      "timestamp": "2024-11-25T16:34:30.755Z",
      "hash": "JFdhBRusY9FRjzRvZCBFPlfX7ZE=",
      "skip": 0
    },
    {
      "type": "ADD_MODULE",
      "input": {
        "id": "iJ9MP6P8+oO9Xb2fu3zTrhzBivk=",
        "name": "items"
      },
      "scope": "global",
      "id": "a1508096-cf87-45e2-9ad9-836fa0fbedc7",
      "index": 227,
      "timestamp": "2024-11-25T16:34:37.176Z",
      "hash": "18+yXqHC12L1SY5WNPx7o7os/3g=",
      "skip": 0
    },
    {
      "type": "ADD_OPERATION",
      "input": {
        "id": "zn8F5dtapLDwAPNIu2mELu6cQtw=",
        "moduleId": "iJ9MP6P8+oO9Xb2fu3zTrhzBivk=",
        "name": "ADD_LINE_ITEM"
      },
      "scope": "global",
      "id": "c25c20fb-6973-4777-8176-fd1d45205566",
      "index": 228,
      "timestamp": "2024-11-25T16:36:39.001Z",
      "hash": "E0m9pfEsGgGSfkJ7dKofutSSH44=",
      "skip": 0
    },
    {
      "type": "SET_OPERATION_SCHEMA",
      "input": {
        "id": "zn8F5dtapLDwAPNIu2mELu6cQtw=",
        "schema": "input AddLineItemInput {\n  \"Add your inputs here\"\n  _placeholder: String\n}"
      },
      "scope": "global",
      "id": "f61515ed-76a2-4b57-8957-434a75bc021b",
      "index": 229,
      "timestamp": "2024-11-25T16:36:39.185Z",
      "hash": "qoJg6mEiKiY/NciWr91DMx3TBYk=",
      "skip": 0
    },
    {
      "type": "SET_OPERATION_SCHEMA",
      "input": {
        "id": "zn8F5dtapLDwAPNIu2mELu6cQtw=",
        "schema": "input AddLineItemInput {\n    id: OID!\n    description: String!\n    taxPercent: Float!\n    quantity: Float!\n    currency: String! # Default can be USD\n    unitPriceTaxExcl: Float!\n    unitPriceTaxIncl: Float!\n    totalPriceTaxExcl: Float!\n    totalPriceTaxIncl: Float!\n}"
      },
      "scope": "global",
      "id": "d7884f18-e539-4bfc-96c8-cb866fb6cd0d",
      "index": 230,
      "timestamp": "2024-11-25T16:37:46.161Z",
      "hash": "cuQG024XbE1ahreCZgCu+vvWhTs=",
      "skip": 0
    },
    {
      "type": "ADD_OPERATION",
      "input": {
        "id": "fm/7utdlk11MQVZlkSVUCJyq4AE=",
        "moduleId": "iJ9MP6P8+oO9Xb2fu3zTrhzBivk=",
        "name": "EDIT_LINE_ITEM"
      },
      "scope": "global",
      "id": "0f0d35d2-ce75-42c6-9ca8-c239afd2fc89",
      "index": 231,
      "timestamp": "2024-11-25T16:37:57.150Z",
      "hash": "9aJxb+uDfCOVFrsIZwuAe5//FYY=",
      "skip": 0
    },
    {
      "type": "SET_OPERATION_SCHEMA",
      "input": {
        "id": "fm/7utdlk11MQVZlkSVUCJyq4AE=",
        "schema": "input EditLineItemInput {\n  \"Add your inputs here\"\n  _placeholder: String\n}"
      },
      "scope": "global",
      "id": "f582905d-91ac-48cc-b490-7c41210f84be",
      "index": 232,
      "timestamp": "2024-11-25T16:37:57.321Z",
      "hash": "I6r2Bvu7bHWl3zEQ/C8Qk9YDQZY=",
      "skip": 0
    },
    {
      "type": "SET_OPERATION_SCHEMA",
      "input": {
        "id": "fm/7utdlk11MQVZlkSVUCJyq4AE=",
        "schema": "input EditLineItemInput {\n    id: OID!\n    description: String!\n    taxPercent: Float!\n    quantity: Float!\n    currency: String! # Default can be USD\n    unitPriceTaxExcl: Float!\n    unitPriceTaxIncl: Float!\n    totalPriceTaxExcl: Float!\n    totalPriceTaxIncl: Float!\n}"
      },
      "scope": "global",
      "id": "71d1f2eb-beae-4a32-9955-487669eb055f",
      "index": 233,
      "timestamp": "2024-11-25T16:38:06.434Z",
      "hash": "rpoxrIbdpHbgdnZAAfwBF1Mei9c=",
      "skip": 0
    },
    {
      "type": "SET_OPERATION_SCHEMA",
      "input": {
        "id": "fm/7utdlk11MQVZlkSVUCJyq4AE=",
        "schema": "input EditLineItemInput {\n    id: OID!\n    description: String\n    taxPercent: Float!\n    quantity: Float!\n    currency: String! # Default can be USD\n    unitPriceTaxExcl: Float!\n    unitPriceTaxIncl: Float!\n    totalPriceTaxExcl: Float!\n    totalPriceTaxIncl: Float!\n}"
      },
      "scope": "global",
      "id": "36b5ec38-0baf-48f6-b040-5d914c86b9da",
      "index": 234,
      "timestamp": "2024-11-25T16:38:11.998Z",
      "hash": "xWR7o6Cv77RsoElhFNmtQV+Uui4=",
      "skip": 0
    },
    {
      "type": "SET_OPERATION_SCHEMA",
      "input": {
        "id": "fm/7utdlk11MQVZlkSVUCJyq4AE=",
        "schema": "input EditLineItemInput {\n    id: OID!\n    description: String\n    taxPercent: Float!\n    quantity: Float!\n    currency: String!\n    unitPriceTaxExcl: Float!\n    unitPriceTaxIncl: Float!\n    totalPriceTaxExcl: Float!\n    totalPriceTaxIncl: Float!\n}"
      },
      "scope": "global",
      "id": "96084c7e-248f-4868-b645-b4c4080461f1",
      "index": 235,
      "timestamp": "2024-11-25T16:38:14.204Z",
      "hash": "jY5ZZ8yhcXWQRUKfJutkiaFM1og=",
      "skip": 0
    },
    {
      "type": "SET_OPERATION_SCHEMA",
      "input": {
        "id": "fm/7utdlk11MQVZlkSVUCJyq4AE=",
        "schema": "input EditLineItemInput {\n    id: OID!\n    description: String\n    taxPercent: Float\n    quantity: Float\n    currency: String!\n    unitPriceTaxExcl: Float!\n    unitPriceTaxIncl: Float!\n    totalPriceTaxExcl: Float!\n    totalPriceTaxIncl: Float!\n}"
      },
      "scope": "global",
      "id": "c30b111e-d7a7-4054-b0ea-a06d4d7f258c",
      "index": 236,
      "timestamp": "2024-11-25T16:38:15.999Z",
      "hash": "NAopFatsjlKitFHdwEVVARR1YdI=",
      "skip": 0
    },
    {
      "type": "SET_OPERATION_SCHEMA",
      "input": {
        "id": "fm/7utdlk11MQVZlkSVUCJyq4AE=",
        "schema": "input EditLineItemInput {\n    id: OID!\n    description: String\n    taxPercent: Float\n    quantity: Float\n    currency: String\n    unitPriceTaxExcl: Float!\n    unitPriceTaxIncl: Float!\n    totalPriceTaxExcl: Float!\n    totalPriceTaxIncl: Float!\n}"
      },
      "scope": "global",
      "id": "268ee0e5-cf96-4623-a205-eb17d550f202",
      "index": 237,
      "timestamp": "2024-11-25T16:38:16.533Z",
      "hash": "OSfBKW0hVLhrfPtIkS8eIIRE5/M=",
      "skip": 0
    },
    {
      "type": "SET_OPERATION_SCHEMA",
      "input": {
        "id": "fm/7utdlk11MQVZlkSVUCJyq4AE=",
        "schema": "input EditLineItemInput {\n    id: OID!\n    description: String\n    taxPercent: Float\n    quantity: Float\n    currency: String\n    unitPriceTaxExcl: Float\n    unitPriceTaxIncl: Float!\n    totalPriceTaxExcl: Float!\n    totalPriceTaxIncl: Float!\n}"
      },
      "scope": "global",
      "id": "104e3c5d-49a5-4d15-bf1c-9c96adc6b06f",
      "index": 238,
      "timestamp": "2024-11-25T16:38:18.521Z",
      "hash": "gohXL2pbluden2soWnEymHxMxSQ=",
      "skip": 0
    },
    {
      "type": "SET_OPERATION_SCHEMA",
      "input": {
        "id": "fm/7utdlk11MQVZlkSVUCJyq4AE=",
        "schema": "input EditLineItemInput {\n    id: OID!\n    description: String\n    taxPercent: Float\n    quantity: Float\n    currency: String\n    unitPriceTaxExcl: Float\n    unitPriceTaxIncl: Float\n    totalPriceTaxExcl: Float!\n    totalPriceTaxIncl: Float!\n}"
      },
      "scope": "global",
      "id": "0765d6ba-8211-4871-a8be-3b26caf58755",
      "index": 239,
      "timestamp": "2024-11-25T16:38:19.053Z",
      "hash": "IHxmKrZyY1l4oSsRKBriWjeWLP4=",
      "skip": 0
    },
    {
      "type": "SET_OPERATION_SCHEMA",
      "input": {
        "id": "fm/7utdlk11MQVZlkSVUCJyq4AE=",
        "schema": "input EditLineItemInput {\n    id: OID!\n    description: String\n    taxPercent: Float\n    quantity: Float\n    currency: String\n    unitPriceTaxExcl: Float\n    unitPriceTaxIncl: Float\n    totalPriceTaxExcl: Float\n    totalPriceTaxIncl: Float!\n}"
      },
      "scope": "global",
      "id": "e3389ae5-1ff3-4034-968d-c93b0b1f2228",
      "index": 240,
      "timestamp": "2024-11-25T16:38:21.112Z",
      "hash": "qjmQ/CpbacZXH3B/qrGbbgigM4g=",
      "skip": 0
    },
    {
      "type": "SET_OPERATION_SCHEMA",
      "input": {
        "id": "fm/7utdlk11MQVZlkSVUCJyq4AE=",
        "schema": "input EditLineItemInput {\n    id: OID!\n    description: String\n    taxPercent: Float\n    quantity: Float\n    currency: String\n    unitPriceTaxExcl: Float\n    unitPriceTaxIncl: Float\n    totalPriceTaxExcl: Float\n    totalPriceTaxIncl: Float\n}"
      },
      "scope": "global",
      "id": "0cde9690-2ccd-43d0-91f5-66449ffe9084",
      "index": 241,
      "timestamp": "2024-11-25T16:38:21.915Z",
      "hash": "Gp8clKYOU0Xz0qV6JM9QJK88s+E=",
      "skip": 0
    },
    {
      "type": "ADD_OPERATION",
      "input": {
        "id": "rhe6xbPJ6HqMdRCyVq5Hc53mI44=",
        "moduleId": "iJ9MP6P8+oO9Xb2fu3zTrhzBivk=",
        "name": "DELETE_LINE_ITEM"
      },
      "scope": "global",
      "id": "84c1ef63-50e9-41bc-87ee-a43ea3c2c86f",
      "index": 242,
      "timestamp": "2024-11-25T16:38:35.352Z",
      "hash": "jArHXSNb5DQXmLshglgzkcs0fe4=",
      "skip": 0
    },
    {
      "type": "SET_OPERATION_SCHEMA",
      "input": {
        "id": "rhe6xbPJ6HqMdRCyVq5Hc53mI44=",
        "schema": "input DeleteLineItemInput {\n  \"Add your inputs here\"\n  _placeholder: String\n}"
      },
      "scope": "global",
      "id": "edb1b4b6-e65d-4165-8a5b-4dcda495fa29",
      "index": 243,
      "timestamp": "2024-11-25T16:38:35.546Z",
      "hash": "Jf/5tM7nrtvzINsiCBCyk1pVBrA=",
      "skip": 0
    },
    {
      "type": "SET_OPERATION_SCHEMA",
      "input": {
        "id": "rhe6xbPJ6HqMdRCyVq5Hc53mI44=",
        "schema": "input DeleteLineItemInput {\n  id: OID!\n}"
      },
      "scope": "global",
      "id": "444f442a-b3ee-4e2a-979a-a57660b55522",
      "index": 244,
      "timestamp": "2024-11-25T16:38:46.409Z",
      "hash": "OChO+C1/zYgnanA5CVnInTPeNyE=",
      "skip": 0
    },
    {
      "type": "SET_OPERATION_SCHEMA",
      "input": {
        "id": "fm/7utdlk11MQVZlkSVUCJyq4AE=",
        "schema": "input EditLineItemInput {\n    id: OID!\n    description: String!\n    taxPercent: Float\n    quantity: Float\n    currency: String\n    unitPriceTaxExcl: Float\n    unitPriceTaxIncl: Float\n    totalPriceTaxExcl: Float\n    totalPriceTaxIncl: Float\n}"
      },
      "scope": "global",
      "id": "e3dd9086-7164-46bc-846b-5e74050f6e17",
      "index": 245,
      "timestamp": "2024-11-25T16:45:26.425Z",
      "hash": "C9xS4dbDJf4H9B9Qnb/hH1KTKMc=",
      "skip": 0
    },
    {
      "type": "SET_OPERATION_SCHEMA",
      "input": {
        "id": "fm/7utdlk11MQVZlkSVUCJyq4AE=",
        "schema": "input EditLineItemInput {\n    id: OID!\n    description: String!\n    taxPercent: Float!\n    quantity: Float\n    currency: String\n    unitPriceTaxExcl: Float\n    unitPriceTaxIncl: Float\n    totalPriceTaxExcl: Float\n    totalPriceTaxIncl: Float\n}"
      },
      "scope": "global",
      "id": "2dd3a07e-537b-4310-b7f7-e0856295752b",
      "index": 246,
      "timestamp": "2024-11-25T16:45:27.708Z",
      "hash": "JOmeralFoRfyxpTv9O/Bhc6irAU=",
      "skip": 0
    },
    {
      "type": "SET_OPERATION_SCHEMA",
      "input": {
        "id": "fm/7utdlk11MQVZlkSVUCJyq4AE=",
        "schema": "input EditLineItemInput {\n    id: OID!\n    description: String!\n    taxPercent: Float!\n    quantity: Float!\n    currency: String\n    unitPriceTaxExcl: Float\n    unitPriceTaxIncl: Float\n    totalPriceTaxExcl: Float\n    totalPriceTaxIncl: Float\n}"
      },
      "scope": "global",
      "id": "4a2fc80c-9113-4a0b-92f8-88c118858cc5",
      "index": 247,
      "timestamp": "2024-11-25T16:45:28.797Z",
      "hash": "31GpDhXHDRZgOhyWpkwMj39i/Kk=",
      "skip": 0
    },
    {
      "type": "SET_OPERATION_SCHEMA",
      "input": {
        "id": "fm/7utdlk11MQVZlkSVUCJyq4AE=",
        "schema": "input EditLineItemInput {\n    id: OID!\n    description: String!\n    taxPercent: Float!\n    quantity: Float\n    currency: String\n    unitPriceTaxExcl: Float\n    unitPriceTaxIncl: Float\n    totalPriceTaxExcl: Float\n    totalPriceTaxIncl: Float\n}"
      },
      "scope": "global",
      "id": "4bec70bc-3d61-43ee-a6f8-6a5d44d0eae1",
      "index": 248,
      "timestamp": "2024-11-25T16:46:02.662Z",
      "hash": "JOmeralFoRfyxpTv9O/Bhc6irAU=",
      "skip": 0
    },
    {
      "type": "SET_OPERATION_SCHEMA",
      "input": {
        "id": "fm/7utdlk11MQVZlkSVUCJyq4AE=",
        "schema": "input EditLineItemInput {\n    id: OID!\n    description: String!\n    taxPercent: Float\n    quantity: Float\n    currency: String\n    unitPriceTaxExcl: Float\n    unitPriceTaxIncl: Float\n    totalPriceTaxExcl: Float\n    totalPriceTaxIncl: Float\n}"
      },
      "scope": "global",
      "id": "416f9f12-115d-48f2-a39d-5f9df7b08252",
      "index": 249,
      "timestamp": "2024-11-25T16:46:04.979Z",
      "hash": "C9xS4dbDJf4H9B9Qnb/hH1KTKMc=",
      "skip": 0
    },
    {
      "type": "SET_OPERATION_SCHEMA",
      "input": {
        "id": "fm/7utdlk11MQVZlkSVUCJyq4AE=",
        "schema": "input EditLineItemInput {\n    id: OID!\n    description: String\n    taxPercent: Float\n    quantity: Float\n    currency: String\n    unitPriceTaxExcl: Float\n    unitPriceTaxIncl: Float\n    totalPriceTaxExcl: Float\n    totalPriceTaxIncl: Float\n}"
      },
      "scope": "global",
      "id": "d00f9dbe-e9e4-437d-b7dc-bf2a045c6a04",
      "index": 250,
      "timestamp": "2024-11-25T16:46:06.646Z",
      "hash": "OChO+C1/zYgnanA5CVnInTPeNyE=",
      "skip": 0
    },
    {
      "type": "SET_OPERATION_SCHEMA",
      "input": {
        "id": "fm/7utdlk11MQVZlkSVUCJyq4AE=",
        "schema": "input EditLineItemInput {\n    id: OID!\n    description: String\n    taxPercent: Float\n    quantity: Float\n    currency: String\n    unitPriceTaxExcl: Flofgat\n    unitPriceTaxIncl: Float\n    totalPriceTaxExcl: Float\n    totalPriceTaxIncl: Float\n}"
      },
      "scope": "global",
      "id": "2eeb5a5b-196b-47d5-a32d-a41cd24379f5",
      "index": 251,
      "timestamp": "2024-11-25T16:54:13.420Z",
      "hash": "PXx/Ep4hZBuRtm+ath5Opr728zc=",
      "skip": 0
    },
    {
      "type": "SET_OPERATION_SCHEMA",
      "input": {
        "id": "fm/7utdlk11MQVZlkSVUCJyq4AE=",
        "schema": "input EditLineItemInput {\n    id: OID!\n    description: String\n    taxPercent: Float\n    quantity: Float\n    currency: String\n    unitPriceTaxExcl: Float\n    unitPriceTaxIncl: Float\n    totalPriceTaxExcl: Float\n    totalPriceTaxIncl: Float\n}"
      },
      "scope": "global",
      "id": "af7d6b2c-84c6-4349-bc90-2773599f4d8c",
      "index": 252,
      "timestamp": "2024-11-25T17:00:19.970Z",
      "hash": "OChO+C1/zYgnanA5CVnInTPeNyE=",
      "skip": 0
    },
    {
      "type": "SET_OPERATION_SCHEMA",
      "input": {
        "id": "fm/7utdlk11MQVZlkSVUCJyq4AE=",
        "schema": "input EditLineItemInput {\n    id: OID!\n    description: String\n    taxPercent: Float\n    quantity: Float\n    currency: String\n    unitPriceTaxExcl: Float\n    unitPriceTaxIncl: Float\n    totalPriceTaxExcl: Float\n    totalPriceTaxIncl: Float"
      },
      "scope": "global",
      "id": "e8695b43-165d-4b03-876a-07ba11bcb29a",
      "index": 253,
      "timestamp": "2024-11-25T17:00:22.221Z",
      "hash": "RpUsWGj04/8+eb1DT06QF59SnUc=",
      "skip": 0
    },
    {
      "type": "SET_OPERATION_SCHEMA",
      "input": {
        "id": "fm/7utdlk11MQVZlkSVUCJyq4AE=",
        "schema": "input EditLineItemInput {\n    id: OID!\n    description: String\n    taxPercent: Float\n    quantity: Float\n    currency: String\n    unitPriceTaxExcl: Float\n    unitPriceTaxIncl: Float\n    totalPriceTaxExcl: Float\n    totalPriceTaxIncl: Float\n}"
      },
      "scope": "global",
      "id": "c3f3d9f9-55c6-4f51-ab5d-476a17c83e9e",
      "index": 254,
      "timestamp": "2024-11-25T17:01:45.332Z",
      "hash": "OChO+C1/zYgnanA5CVnInTPeNyE=",
      "skip": 0
    }
  ],
  "local": []
}