{
  "global": [
    {
      "type": "SET_NAME",
      "input": "invoice",
      "scope": "global",
      "id": "74de6868-2a53-4f91-8338-3363f22449e0",
      "index": 0,
      "timestamp": "2024-10-31T22:53:15.456Z",
      "hash": "Fd20qtObIUDJwJHse6VqFK8ObWY=",
      "skip": 0
    },
    {
      "type": "SET_MODEL_NAME",
      "input": {
        "name": "invoice"
      },
      "scope": "global",
      "id": "551adc72-638b-468d-b04e-b028a182c73f",
      "index": 1,
      "timestamp": "2024-10-31T22:53:15.456Z",
      "hash": "71Qkg3g+Hp1U5I8TCYbH0gydpdY=",
      "skip": 0
    },
    {
      "type": "SET_STATE_SCHEMA",
      "input": {
        "schema": "type InvoiceState {\n  \"Add your global state fields here\"\n  _placeholder: String\n}",
        "scope": "global"
      },
      "scope": "global",
      "id": "604c2da0-9faa-4129-a876-74ac80f7da50",
      "index": 2,
      "timestamp": "2024-10-31T22:53:15.456Z",
      "hash": "ewc4+i8ey3FQ0AcOSGK0a6jJC3E=",
      "skip": 0
    },
    {
      "type": "SET_INITIAL_STATE",
      "input": {
        "initialValue": "{}",
        "scope": "global"
      },
      "scope": "global",
      "id": "fd593487-5155-4323-9899-3d44b23501df",
      "index": 3,
      "timestamp": "2024-10-31T22:53:15.457Z",
      "hash": "hGHYzGJYB6HNeTiKoWTtzaZtJx8=",
      "skip": 0
    },
    {
      "type": "SET_MODEL_ID",
      "input": {
        "id": "documentModel"
      },
      "scope": "global",
      "id": "3ce93224-d26c-4237-8b93-7997eb66d7ef",
      "index": 4,
      "timestamp": "2024-10-31T22:53:15.457Z",
      "hash": "iBEB7JXW38MEG4md7wutVDsAvmM=",
      "skip": 0
    },
    {
      "type": "SET_MODEL_DESCRIPTION",
      "input": {
        "description": "Contributor invoices"
      },
      "scope": "global",
      "id": "e7d08fb0-05b3-4d92-827f-85cb43f2ee98",
      "index": 5,
      "timestamp": "2024-10-31T22:53:15.457Z",
      "hash": "bX+pZvbVfnFioyMkOjDBgwCvaso=",
      "skip": 0
    },
    {
      "type": "SET_MODEL_EXTENSION",
      "input": {
        "extension": ".test.ph"
      },
      "scope": "global",
      "id": "bff4bfad-03a7-4d0c-995b-2e05a0619e23",
      "index": 6,
      "timestamp": "2024-10-31T22:53:15.457Z",
      "hash": "xn+Ri6PoF4hNr6VhIIG+JvOsKjM=",
      "skip": 0
    },
    {
      "type": "SET_AUTHOR_NAME",
      "input": {
        "authorName": "zeroknowledgetruth"
      },
      "scope": "global",
      "id": "38a4336d-2a4e-4311-b3c7-24365b853aed",
      "index": 7,
      "timestamp": "2024-10-31T22:53:15.458Z",
      "hash": "PKvZZCuT9AynbK8wyrT2W8aKpiY=",
      "skip": 0
    },
    {
      "type": "SET_INITIAL_STATE",
      "input": {
        "initialValue": "{\n  \"_placeholder\": \"\"\n}",
        "scope": "global"
      },
      "scope": "global",
      "id": "dd2a0340-d731-4fd4-bf5f-fe529f97b3d3",
      "index": 8,
      "timestamp": "2024-10-31T22:53:15.458Z",
      "hash": "8saWpVBAfAncJVR2HGHo1QGclWc=",
      "skip": 0
    },
    {
      "type": "SET_STATE_SCHEMA",
      "input": {
        "schema": "type InvoiceState {\n    invoiceNo: String! # Invoice Number (e.g., 2024-001) The invoice numbering can be sequential Numbering INV-001 ; INV-002 String-base numbering 2024-09-03-456; drive explorer can set default to previous No + 1\n    dateIssued: String! # default value: today, e.g. 2024-01-31; user defined at first, then automated but user can override, auditor gets notified\n    dateDue: String! # default value: 30 days after issue date;\n    dateDelivered: String\n    title: String # Optional for use of the \"file name\" of the document.\n    status: Status!\n    refs: [String!]! # Legal stuff, component ID, whatever. Placeholdery.\n    issuer: LegalEntity!\n    payer: LegalEntity!\n    currency: String! # Default can be USD\n    lineItems: [InvoiceLineItem!]!\n    totalPriceTaxExcl: Float! # Currency will be the same for now, as is set on the InvoiceState level\n    totalPriceTaxIncl: Float! # Currency will be the same for now, as is set on the InvoiceState level\n}\n\ntype Token {\n    evmAddress: String\n    symbol: String\n    chainName: String\n    chainId: String\n    rpc: String\n}\n\ntype LegalEntity {\n    id: LegalEntityId\n    name: String\n    address: Address\n    contactInfo: ContactInfo\n    country: String\n    paymentRouting: PaymentRouting\n}\n\ntype Address {\n    streetAddress: String\n    extendedAddress: String\n    city: String\n    postalCode: String\n    country: String\n    stateProvince: String\n}\n\ntype ContactInfo {\n    tel: String\n    email: String\n}\n\ntype PaymentRouting {\n    bank: Bank\n    wallet: Wallet\n}\n\ntype Bank {\n    name: String!\n    address: Address!\n    contact: ContactInfo\n    ABA: String\n    IBAN: String\n    SWIFT: String\n    accountNum: String!\n    accountType: AccountType\n    beneficiary: String\n    intermediaryBank: IntermediaryBank\n    memo: String\n}\n\ntype IntermediaryBank {\n    name: String!\n    address: Address!\n    contact: ContactInfo\n    ABA: String\n    IBAN: String\n    SWIFT: String\n    accountNum: String!\n    accountType: AccountType\n    beneficiary: String\n    memo: String\n}\n\ntype Wallet {\n    rpc: String\n    chainName: String\n    chainId: String\n    address: String\n}\n\ntype InvoiceLineItem {\n    id: OID!\n    description: String!\n    taxPercent: Float!\n    quantity: Float!\n    currency: String! # Default can be USD\n    unitPriceTaxExcl: Float! # Currency will be the same for now, as is set on the InvoiceState level\n    unitPriceTaxIncl: Float! # Currency will be the same for now, as is set on the InvoiceState level\n    totalPriceTaxExcl: Float! # Currency will be the same for now, as is set on the InvoiceState level\n    totalPriceTaxIncl: Float! # Currency will be the same for now, as is set on the InvoiceState level\n}\n\nunion LegalEntityId = LegalEntityTaxId | LegalEntityCorporateRegistrationId\n\ntype LegalEntityTaxId {\n    taxId: String!\n}\n\ntype LegalEntityCorporateRegistrationId {\n    corpRegId: String!\n}\n\nenum Status {\n    DRAFT\n    ISSUED\n    ACCEPTED\n    REJECTED\n    PAID\n}\n\nenum AccountType {\n    CHECKING\n    SAVINGS\n    TRUST\n    WALLET\n}",
        "scope": "global"
      },
      "scope": "global",
      "id": "cd012130-6444-471a-965a-7e5338f58f7f",
      "index": 9,
      "timestamp": "2024-10-31T22:53:15.458Z",
      "hash": "TcoUdKRT5rTwO7IRRezI+USxqsk=",
      "skip": 0
    },
    {
      "type": "SET_STATE_SCHEMA",
      "input": {
        "schema": "type InvoiceState {\n    invoiceNo: String! # Invoice Number (e.g., 2024-001) The invoice numbering can be sequential Numbering INV-001 ; INV-002 String-base numbering 2024-09-03-456; drive explorer can set default to previous No + 1\n    dateIssued: String! # default value: today, e.g. 2024-01-31; user defined at first, then automated but user can override, auditor gets notified\n    dateDue: String! # default value: 30 days after issue date;\n    dateDelivered: String\n    title: String # Optional for use of the \"file name\" of the document.\n    status: Status!\n    refs: [String!]! # Legal stuff, component ID, whatever. Placeholdery.\n    issuer: LegalEntity!\n    payer: LegalEntity!\n    currency: String! # Default can be USD\n    lineItems: [InvoiceLineItem!]!\n    totalPriceTaxExcl: Float! # Currency will be the same for now, as is set on the InvoiceState level\n    totalPriceTaxIncl: Float! # Currency will be the same for now, as is set on the InvoiceState level\n}\n\ntype Token {\n    evmAddress: String\n    symbol: String\n    chainName: String\n    chainId: String\n    rpc: String\n}\n\ntype LegalEntity {\n    id: LegalEntityId\n    name: String\n    address: Address\n    contactInfo: ContactInfo\n    country: String\n    paymentRouting: PaymentRouting\n}\n\ntype Address {\n    streetAddress: String\n    extendedAddress: String\n    city: String\n    postalCode: String\n    country: String\n    stateProvince: String\n}\n\ntype ContactInfo {\n    tel: String\n    email: String\n}\n\ntype PaymentRouting {\n    bank: Bank\n    wallet: Wallet\n}\n\ntype Bank {\n    name: String!\n    address: Address!\n    contact: ContactInfo\n    ABA: String\n    IBAN: String\n    SWIFT: String\n    accountNum: String!\n    accountType: AccountType\n    beneficiary: String\n    intermediaryBank: IntermediaryBank\n    memo: String\n}\n\ntype IntermediaryBank {\n    name: String!\n    address: Address!\n    contact: ContactInfo\n    ABA: String\n    IBAN: String\n    SWIFT: String\n    accountNum: String!\n    accountType: AccountType\n    beneficiary: String\n    memo: String\n}\n\ntype Wallet {\n    rpc: String\n    chainName: String\n    chainId: String\n    address: String\n}\n\ntype InvoiceLineItem {\n    id: OID!\n    description: String!\n    taxPercent: Float!\n    quantity: Float!\n    currency: String! # Default can be USD\n    unitPriceTaxExcl: Float! # Currency will be the same for now, as is set on the InvoiceState level\n    unitPriceTaxIncl: Float! # Currency will be the same for now, as is set on the InvoiceState level\n    totalPriceTaxExcl: Float! # Currency will be the same for now, as is set on the InvoiceState level\n    totalPriceTaxIncl: Float! # Currency will be the same for now, as is set on the InvoiceState level\n}\n\nunion LegalEntityId = LegalEntityTaxId | LegalEntityCorporateRegistrationId\n\ntype LegalEntityTaxId {\n    taxId: String!\n}\n\ntype LegalEntityCorporateRegistrationId {\n    corpRegId: String!\n}\n\nenum Status {\n    DRAFT\n    ISSUED\n    ACCEPTED\n    REJECTED\n    PAID\n}\n\nenum AccountType {\n    CHECKING\n    SAVINGS\n    TRUST\n    WALLET\n}",
        "scope": "global"
      },
      "scope": "global",
      "id": "015b8f59-c94b-4e97-bd88-f3d132f6d19f",
      "index": 10,
      "timestamp": "2024-10-31T22:53:15.458Z",
      "hash": "TcoUdKRT5rTwO7IRRezI+USxqsk=",
      "skip": 0
    },
    {
      "type": "SET_INITIAL_STATE",
      "input": {
        "initialValue": "{\n  \"invoiceNo\": \"\",\n  \"dateIssued\": \"\",\n  \"dateDue\": \"\",\n  \"dateDelivered\": \"\",\n  \"title\": \"\",\n  \"status\": \"DRAFT\",\n  \"refs\": [],\n  \"issuer\": {\n    \"id\": null,\n    \"name\": \"\",\n    \"address\": {\n      \"streetAddress\": \"\",\n      \"extendedAddress\": \"\",\n      \"city\": \"\",\n      \"postalCode\": \"\",\n      \"country\": \"\",\n      \"stateProvince\": \"\"\n    },\n    \"contactInfo\": {\n      \"tel\": \"\",\n      \"email\": \"\"\n    },\n    \"country\": \"\",\n    \"paymentRouting\": {\n      \"bank\": {\n        \"name\": \"\",\n        \"address\": {\n          \"streetAddress\": \"\",\n          \"extendedAddress\": \"\",\n          \"city\": \"\",\n          \"postalCode\": \"\",\n          \"country\": \"\",\n          \"stateProvince\": \"\"\n        },\n        \"contact\": {\n          \"tel\": \"\",\n          \"email\": \"\"\n        },\n        \"ABA\": \"\",\n        \"IBAN\": \"\",\n        \"SWIFT\": \"\",\n        \"accountNum\": \"\",\n        \"accountType\": \"CHECKING\",\n        \"beneficiary\": \"\",\n        \"intermediaryBank\": {\n          \"name\": \"\",\n          \"address\": {\n            \"streetAddress\": \"\",\n            \"extendedAddress\": \"\",\n            \"city\": \"\",\n            \"postalCode\": \"\",\n            \"country\": \"\",\n            \"stateProvince\": \"\"\n          },\n          \"contact\": {\n            \"tel\": \"\",\n            \"email\": \"\"\n          },\n          \"ABA\": \"\",\n          \"IBAN\": \"\",\n          \"SWIFT\": \"\",\n          \"accountNum\": \"\",\n          \"accountType\": \"CHECKING\",\n          \"beneficiary\": \"\",\n          \"memo\": \"\"\n        },\n        \"memo\": \"\"\n      },\n      \"wallet\": {\n        \"rpc\": \"\",\n        \"chainName\": \"\",\n        \"chainId\": \"\",\n        \"address\": \"\"\n      }\n    }\n  },\n  \"payer\": {\n    \"id\": null,\n    \"name\": \"\",\n    \"address\": {\n      \"streetAddress\": \"\",\n      \"extendedAddress\": \"\",\n      \"city\": \"\",\n      \"postalCode\": \"\",\n      \"country\": \"\",\n      \"stateProvince\": \"\"\n    },\n    \"contactInfo\": {\n      \"tel\": \"\",\n      \"email\": \"\"\n    },\n    \"country\": \"\",\n    \"paymentRouting\": {\n      \"bank\": {\n        \"name\": \"\",\n        \"address\": {\n          \"streetAddress\": \"\",\n          \"extendedAddress\": \"\",\n          \"city\": \"\",\n          \"postalCode\": \"\",\n          \"country\": \"\",\n          \"stateProvince\": \"\"\n        },\n        \"contact\": {\n          \"tel\": \"\",\n          \"email\": \"\"\n        },\n        \"ABA\": \"\",\n        \"IBAN\": \"\",\n        \"SWIFT\": \"\",\n        \"accountNum\": \"\",\n        \"accountType\": \"CHECKING\",\n        \"beneficiary\": \"\",\n        \"intermediaryBank\": {\n          \"name\": \"\",\n          \"address\": {\n            \"streetAddress\": \"\",\n            \"extendedAddress\": \"\",\n            \"city\": \"\",\n            \"postalCode\": \"\",\n            \"country\": \"\",\n            \"stateProvince\": \"\"\n          },\n          \"contact\": {\n            \"tel\": \"\",\n            \"email\": \"\"\n          },\n          \"ABA\": \"\",\n          \"IBAN\": \"\",\n          \"SWIFT\": \"\",\n          \"accountNum\": \"\",\n          \"accountType\": \"CHECKING\",\n          \"beneficiary\": \"\",\n          \"memo\": \"\"\n        },\n        \"memo\": \"\"\n      },\n      \"wallet\": {\n        \"rpc\": \"\",\n        \"chainName\": \"\",\n        \"chainId\": \"\",\n        \"address\": \"\"\n      }\n    }\n  },\n  \"currency\": \"\",\n  \"lineItems\": [],\n  \"totalPriceTaxExcl\": 0,\n  \"totalPriceTaxIncl\": 0\n}",
        "scope": "global"
      },
      "scope": "global",
      "id": "8eced899-884b-433f-a816-c4ace0c8fa95",
      "index": 11,
      "timestamp": "2024-10-31T22:53:15.459Z",
      "hash": "QqFXJycdxseiqo0A6ji2RLzmTPk=",
      "skip": 0
    },
    {
      "type": "ADD_MODULE",
      "input": {
        "id": "5NdopzvYmbe0hADxicG1hCeHNwI=",
        "name": "general"
      },
      "scope": "global",
      "id": "ead59cb1-9d29-4548-9df9-500124f1b9f1",
      "index": 12,
      "timestamp": "2024-10-31T22:53:15.459Z",
      "hash": "s1t5k3iXIoevVqmFIqoBlMkd2sM=",
      "skip": 0
    },
    {
      "type": "ADD_OPERATION",
      "input": {
        "id": "GC8OxKK3HNYj/rSZo8+/gddUHV8=",
        "moduleId": "5NdopzvYmbe0hADxicG1hCeHNwI=",
        "name": "EDIT_INVOICE"
      },
      "scope": "global",
      "id": "2f1c16a9-d7b5-4025-9c89-7cff3e71a89c",
      "index": 13,
      "timestamp": "2024-10-31T22:53:15.460Z",
      "hash": "uqIiRFet7o7B8V4oVWkBm+FESSs=",
      "skip": 0
    },
    {
      "type": "SET_OPERATION_SCHEMA",
      "input": {
        "id": "GC8OxKK3HNYj/rSZo8+/gddUHV8=",
        "schema": "input EditInvoiceInput {\n    invoiceNo: String\n    dateIssued: String\n    dateDue: String\n    dateDelivered: String\n    title: String\n    currency: String\n}"
      },
      "scope": "global",
      "id": "ec470307-2c2f-4ee7-bf15-5f500f2ea94f",
      "index": 14,
      "timestamp": "2024-10-31T22:53:15.460Z",
      "hash": "v/29HnGrQa7j/fUQakORtD0Jj+Y=",
      "skip": 0
    },
    {
      "type": "SET_OPERATION_SCHEMA",
      "input": {
        "id": "GC8OxKK3HNYj/rSZo8+/gddUHV8=",
        "schema": "input EditInvoiceInput {\n    invoiceNo: String\n    dateIssued: String\n    dateDue: String\n    dateDelivered: String\n    title: String\n    currency: String\n}"
      },
      "scope": "global",
      "id": "485924e2-f1e6-4836-a551-2e64dd65cdc0",
      "index": 15,
      "timestamp": "2024-10-31T22:53:15.461Z",
      "hash": "v/29HnGrQa7j/fUQakORtD0Jj+Y=",
      "skip": 0
    },
    {
      "type": "ADD_OPERATION",
      "input": {
        "id": "wnsDuquNjYlNgumDlvwvcete0fM=",
        "moduleId": "5NdopzvYmbe0hADxicG1hCeHNwI=",
        "name": "EDIT_STATUS"
      },
      "scope": "global",
      "id": "25fabe56-0c09-4696-b00d-e6f18a825315",
      "index": 16,
      "timestamp": "2024-10-31T22:53:15.461Z",
      "hash": "34GxwlHtcvwqTGs3Z/bBWaHaSfU=",
      "skip": 0
    },
    {
      "type": "SET_OPERATION_SCHEMA",
      "input": {
        "id": "wnsDuquNjYlNgumDlvwvcete0fM=",
        "schema": "input EditStatusInput {\n    status: Status!\n\n}"
      },
      "scope": "global",
      "id": "0559d84c-095d-4c3d-bd36-acbce0ed283f",
      "index": 17,
      "timestamp": "2024-10-31T22:53:15.461Z",
      "hash": "6enpbee1TuRgDS/tkC+XHQCqv7c=",
      "skip": 0
    },
    {
      "type": "SET_OPERATION_SCHEMA",
      "input": {
        "id": "wnsDuquNjYlNgumDlvwvcete0fM=",
        "schema": "input EditStatusInput {\n    status: Status!\n}"
      },
      "scope": "global",
      "id": "9f9c4bfe-e0a2-4bac-938a-0ede4938f279",
      "index": 18,
      "timestamp": "2024-10-31T22:53:15.462Z",
      "hash": "RhU/5CrqftKSvXiU1Bux/djB8S0=",
      "skip": 0
    },
    {
      "type": "SET_OPERATION_SCHEMA",
      "input": {
        "id": "wnsDuquNjYlNgumDlvwvcete0fM=",
        "schema": "input EditStatusInput {\n    status: Status!\n}"
      },
      "scope": "global",
      "id": "ad9b4479-7914-4f88-9632-17fc1ed35212",
      "index": 19,
      "timestamp": "2024-10-31T22:53:15.462Z",
      "hash": "RhU/5CrqftKSvXiU1Bux/djB8S0=",
      "skip": 0
    },
    {
      "type": "ADD_OPERATION",
      "input": {
        "id": "8z5zo6le4Zqovc4G7R4y2Rmb944=",
        "moduleId": "5NdopzvYmbe0hADxicG1hCeHNwI=",
        "name": "ADD_REF"
      },
      "scope": "global",
      "id": "ac5e28ee-19eb-4cd7-8d69-a09910639e66",
      "index": 20,
      "timestamp": "2024-10-31T22:53:15.463Z",
      "hash": "7QV6PL06zenzJTBrbgohvGMF4EM=",
      "skip": 0
    },
    {
      "type": "SET_OPERATION_SCHEMA",
      "input": {
        "id": "8z5zo6le4Zqovc4G7R4y2Rmb944=",
        "schema": "input AddRefInput {\n    id: OID!\n    value: String!\n}"
      },
      "scope": "global",
      "id": "911265c4-cfca-48bd-ac2d-2e42e44be742",
      "index": 21,
      "timestamp": "2024-10-31T22:53:15.463Z",
      "hash": "Cu8soayxMU9RsBGCTAngeBHemVY=",
      "skip": 0
    },
    {
      "type": "SET_OPERATION_SCHEMA",
      "input": {
        "id": "8z5zo6le4Zqovc4G7R4y2Rmb944=",
        "schema": "input AddRefInput {\n    id: OID!\n    value: String!\n}"
      },
      "scope": "global",
      "id": "9e5e8b91-76f3-412a-9fd4-848838bec487",
      "index": 22,
      "timestamp": "2024-10-31T22:53:15.464Z",
      "hash": "Cu8soayxMU9RsBGCTAngeBHemVY=",
      "skip": 0
    },
    {
      "type": "ADD_OPERATION",
      "input": {
        "id": "fWXv/g40c4PW4fInQacz5kM4B2I=",
        "moduleId": "5NdopzvYmbe0hADxicG1hCeHNwI=",
        "name": "EDIT_REF"
      },
      "scope": "global",
      "id": "2ba29917-1d6f-4b11-a726-b6fd46450de7",
      "index": 23,
      "timestamp": "2024-10-31T22:53:15.464Z",
      "hash": "VBTl80AbJCEmcbQEj0+0kR2GZnk=",
      "skip": 0
    },
    {
      "type": "SET_OPERATION_SCHEMA",
      "input": {
        "id": "fWXv/g40c4PW4fInQacz5kM4B2I=",
        "schema": "input EditRefInput {\n    id: OID!\n    value: String!\n}"
      },
      "scope": "global",
      "id": "54465da6-f583-481a-88db-cd07d420874a",
      "index": 24,
      "timestamp": "2024-10-31T22:53:15.465Z",
      "hash": "xvXoRNmqoNyYwHAe/XSxbvyT7zs=",
      "skip": 0
    },
    {
      "type": "SET_OPERATION_SCHEMA",
      "input": {
        "id": "fWXv/g40c4PW4fInQacz5kM4B2I=",
        "schema": "input EditRefInput {\n    id: OID!\n    value: String!\n}"
      },
      "scope": "global",
      "id": "3c11a5fc-3ef2-4fce-9e26-b5ddf48b3e7f",
      "index": 25,
      "timestamp": "2024-10-31T22:53:15.465Z",
      "hash": "xvXoRNmqoNyYwHAe/XSxbvyT7zs=",
      "skip": 0
    },
    {
      "type": "ADD_OPERATION",
      "input": {
        "id": "jUtMw6Rjd9Yv3LSnjUVs6fSPo0k=",
        "moduleId": "5NdopzvYmbe0hADxicG1hCeHNwI=",
        "name": "DELETE_REF"
      },
      "scope": "global",
      "id": "b8c387a8-ac13-4203-a9ca-af4c81458964",
      "index": 26,
      "timestamp": "2024-10-31T22:53:15.466Z",
      "hash": "85HqVpQFDvqPAj5mjr7d4UNmLJo=",
      "skip": 0
    },
    {
      "type": "SET_OPERATION_SCHEMA",
      "input": {
        "id": "jUtMw6Rjd9Yv3LSnjUVs6fSPo0k=",
        "schema": "input DeleteRefInput {\n    id: OID!\n\n}"
      },
      "scope": "global",
      "id": "487c6e10-0ade-4d55-ba15-e4aa7b0f71cb",
      "index": 27,
      "timestamp": "2024-10-31T22:53:15.466Z",
      "hash": "vhja8t5s2A9kNV5qSpLN4+ocQNk=",
      "skip": 0
    },
    {
      "type": "SET_OPERATION_SCHEMA",
      "input": {
        "id": "jUtMw6Rjd9Yv3LSnjUVs6fSPo0k=",
        "schema": "input DeleteRefInput {\n    id: OID!\n}"
      },
      "scope": "global",
      "id": "4284932f-1184-44d1-a1f0-f4288ea50913",
      "index": 28,
      "timestamp": "2024-10-31T22:53:15.467Z",
      "hash": "jgF1kywcJw2s0E9QdzhS2EHaXN8=",
      "skip": 0
    },
    {
      "type": "SET_OPERATION_SCHEMA",
      "input": {
        "id": "jUtMw6Rjd9Yv3LSnjUVs6fSPo0k=",
        "schema": "input DeleteRefInput {\n    id: OID!\n}"
      },
      "scope": "global",
      "id": "304f62da-7e58-49fd-bf93-be0d2f0f0226",
      "index": 29,
      "timestamp": "2024-10-31T22:53:15.468Z",
      "hash": "jgF1kywcJw2s0E9QdzhS2EHaXN8=",
      "skip": 0
    },
    {
      "type": "ADD_MODULE",
      "input": {
        "id": "sSVjeGG79S3+LIZkVmxI3DtvO40=",
        "name": "issuer"
      },
      "scope": "global",
      "id": "d3424750-ed4c-40dc-99d7-14cdb018b632",
      "index": 30,
      "timestamp": "2024-10-31T22:53:15.469Z",
      "hash": "QjzkZ1jFvkt3ZXt9s2AWAbOG29M=",
      "skip": 0
    },
    {
      "type": "ADD_OPERATION",
      "input": {
        "id": "bPqUAhZLfBJkgVs39WFq9GUYAVs=",
        "moduleId": "sSVjeGG79S3+LIZkVmxI3DtvO40=",
        "name": "EDIT_ISSUER"
      },
      "scope": "global",
      "id": "d3c541b8-da76-496d-99b4-853c6e64305d",
      "index": 31,
      "timestamp": "2024-10-31T22:53:15.470Z",
      "hash": "A28mAf+Pq6zG63tVGqJlBOFEriY=",
      "skip": 0
    },
    {
      "type": "SET_OPERATION_SCHEMA",
      "input": {
        "id": "bPqUAhZLfBJkgVs39WFq9GUYAVs=",
        "schema": "input EditIssuerInput {\n    id: String\n    name: String\n    streetAddress: String\n    extendedAddress: String\n    city: String\n    postalCode: String\n    country: String\n    stateProvince: String\n    tel: String\n    email: String\n    country: String\n}"
      },
      "scope": "global",
      "id": "f11003ac-a2f8-436c-b33d-5dff19bac728",
      "index": 32,
      "timestamp": "2024-10-31T22:53:15.470Z",
      "hash": "sjXsvOW3/2x60kCb5Zhz8o/zwtQ=",
      "skip": 0
    },
    {
      "type": "SET_OPERATION_SCHEMA",
      "input": {
        "id": "bPqUAhZLfBJkgVs39WFq9GUYAVs=",
        "schema": "input EditIssuerInput {\n    id: String\n    name: String\n    streetAddress: String\n    extendedAddress: String\n    city: String\n    postalCode: String\n    country: String\n    stateProvince: String\n    tel: String\n    email: String\n\n}"
      },
      "scope": "global",
      "id": "5df50199-6caf-4699-bf4f-9261c27067de",
      "index": 33,
      "timestamp": "2024-10-31T22:53:15.471Z",
      "hash": "SjdtwFSlS81rGs/t0kg3a/L0u2o=",
      "skip": 0
    },
    {
      "type": "SET_OPERATION_SCHEMA",
      "input": {
        "id": "bPqUAhZLfBJkgVs39WFq9GUYAVs=",
        "schema": "input EditIssuerInput {\n    id: String\n    name: String\n    streetAddress: String\n    extendedAddress: String\n    city: String\n    postalCode: String\n    country: String\n    stateProvince: String\n    tel: String\n    email: String\n}"
      },
      "scope": "global",
      "id": "9d63b36b-6085-4ec6-843a-dc39b8c95f59",
      "index": 34,
      "timestamp": "2024-10-31T22:53:15.472Z",
      "hash": "8ktYpfFoSXAqXoBHbAd0ZjAA9c0=",
      "skip": 0
    },
    {
      "type": "ADD_OPERATION",
      "input": {
        "id": "g08wFEq0ooqcAwvLcxDDgyyH2j0=",
        "moduleId": "sSVjeGG79S3+LIZkVmxI3DtvO40=",
        "name": "EDIT_ISSUER_BANK"
      },
      "scope": "global",
      "id": "91b65654-5655-4e80-b7fd-aeaead9ccbcb",
      "index": 35,
      "timestamp": "2024-10-31T22:53:15.472Z",
      "hash": "pUXkRED2pfmj+GOeJDQlysE7Wps=",
      "skip": 0
    },
    {
      "type": "SET_OPERATION_SCHEMA",
      "input": {
        "id": "g08wFEq0ooqcAwvLcxDDgyyH2j0=",
        "schema": "input EditIssuerBankInput {\n    name: String\n    streetAddress: String\n    extendedAddress: String\n    city: String\n    postalCode: String\n    country: String\n    stateProvince: String\n    tel: String\n    email: String\n    ABA: String\n    IBAN: String\n    SWIFT: String\n    accountNum: String\n    accountType: AccountType\n    beneficiary: String\n    memo: String\n    # intermediaryBank\n    nameIntermediary: String\n    streetAddressIntermediary: String\n    extendedAddressIntermediary: String\n    cityIntermediary: String\n    postalCodeIntermediary: String\n    countryIntermediary: String\n    stateProvinceIntermediary: String\n    telIntermediary: String\n    emailIntermediary: String\n    ABAIntermediary: String\n    IBANIntermediary: String\n    SWIFTIntermediary: String\n    accountNumIntermediary: String\n    accountTypeIntermediary: AccountType\n    beneficiaryIntermediary: String\n    memoIntermediary: String\n}"
      },
      "scope": "global",
      "id": "72831876-5b71-4fec-833f-6ab2dde790dc",
      "index": 36,
      "timestamp": "2024-10-31T22:53:15.473Z",
      "hash": "hvJrb2yIVm7/F3i0wJcc2M4YxS8=",
      "skip": 0
    },
    {
      "type": "SET_OPERATION_SCHEMA",
      "input": {
        "id": "g08wFEq0ooqcAwvLcxDDgyyH2j0=",
        "schema": "input EditIssuerBankInput {\n    name: String\n    streetAddress: String\n    extendedAddress: String\n    city: String\n    postalCode: String\n    country: String\n    stateProvince: String\n    tel: String\n    email: String\n    ABA: String\n    IBAN: String\n    SWIFT: String\n    accountNum: String\n    accountType: AccountType\n    beneficiary: String\n    memo: String\n    # intermediaryBank\n    nameIntermediary: String\n    streetAddressIntermediary: String\n    extendedAddressIntermediary: String\n    cityIntermediary: String\n    postalCodeIntermediary: String\n    countryIntermediary: String\n    stateProvinceIntermediary: String\n    telIntermediary: String\n    emailIntermediary: String\n    ABAIntermediary: String\n    IBANIntermediary: String\n    SWIFTIntermediary: String\n    accountNumIntermediary: String\n    accountTypeIntermediary: AccountType\n    beneficiaryIntermediary: String\n    memoIntermediary: String\n}"
      },
      "scope": "global",
      "id": "42bf8742-752f-49e0-8072-5865f865db88",
      "index": 37,
      "timestamp": "2024-10-31T22:53:15.473Z",
      "hash": "hvJrb2yIVm7/F3i0wJcc2M4YxS8=",
      "skip": 0
    },
    {
      "type": "ADD_OPERATION",
      "input": {
        "id": "saWZnYBHXkxoh8lbAdCNlfr5Hns=",
        "moduleId": "sSVjeGG79S3+LIZkVmxI3DtvO40=",
        "name": "EDIT_ISSUER_WALLET"
      },
      "scope": "global",
      "id": "b3621df5-97a3-4e47-97a8-a95cfdcb2b94",
      "index": 38,
      "timestamp": "2024-10-31T22:53:15.474Z",
      "hash": "CK5XlaumawtogtRRBtGgGKYtpLc=",
      "skip": 0
    },
    {
      "type": "SET_OPERATION_SCHEMA",
      "input": {
        "id": "saWZnYBHXkxoh8lbAdCNlfr5Hns=",
        "schema": "input EditIssuerWalletInput {\n    rpc: String\n    chainName: String\n    chainId: String\n    address: String\n}"
      },
      "scope": "global",
      "id": "985da390-5285-40d0-9d5c-4116b3b223cb",
      "index": 39,
      "timestamp": "2024-10-31T22:53:15.475Z",
      "hash": "nE+HWpjCOElzRI7z1gUxXVyMyOc=",
      "skip": 0
    },
    {
      "type": "SET_OPERATION_SCHEMA",
      "input": {
        "id": "saWZnYBHXkxoh8lbAdCNlfr5Hns=",
        "schema": "input EditIssuerWalletInput {\n    rpc: String\n    chainName: String\n    chainId: String\n    address: String\n}"
      },
      "scope": "global",
      "id": "111212f8-22c0-4bef-9e75-7a3fe97fe0db",
      "index": 40,
      "timestamp": "2024-10-31T22:53:15.475Z",
      "hash": "nE+HWpjCOElzRI7z1gUxXVyMyOc=",
      "skip": 0
    },
    {
      "type": "SET_MODULE_NAME",
      "input": {
        "id": "sSVjeGG79S3+LIZkVmxI3DtvO40=",
        "name": "parties"
      },
      "scope": "global",
      "id": "47fbebcf-6547-4df9-8643-fbe0e7eaafda",
      "index": 41,
      "timestamp": "2024-10-31T22:53:15.476Z",
      "hash": "tQdnzROqDp6urnFT0+nfKdGAyDA=",
      "skip": 0
    },
    {
      "type": "SET_MODULE_NAME",
      "input": {
        "id": "sSVjeGG79S3+LIZkVmxI3DtvO40=",
        "name": "parties"
      },
      "scope": "global",
      "id": "8eaaffa3-9671-4d84-a723-e4d0363e781a",
      "index": 42,
      "timestamp": "2024-10-31T22:53:15.476Z",
      "hash": "tQdnzROqDp6urnFT0+nfKdGAyDA=",
      "skip": 0
    },
    {
      "type": "ADD_OPERATION",
      "input": {
        "id": "z59UfAYmzMEMtIGxZKKlC5J6GpU=",
        "moduleId": "sSVjeGG79S3+LIZkVmxI3DtvO40=",
        "name": "EDIT_PAYER"
      },
      "scope": "global",
      "id": "9b1d2d6c-c428-42d6-beb9-a1ca103d1e28",
      "index": 43,
      "timestamp": "2024-10-31T22:53:15.477Z",
      "hash": "5TPKz7oDWqI0mHqfa7aF/pHosvo=",
      "skip": 0
    },
    {
      "type": "SET_OPERATION_SCHEMA",
      "input": {
        "id": "z59UfAYmzMEMtIGxZKKlC5J6GpU=",
        "schema": "input EditPayerInput {\n    id: String\n    name: String\n    streetAddress: String\n    extendedAddress: String\n    city: String\n    postalCode: String\n    country: String\n    stateProvince: String\n    tel: String\n    email: String\n}"
      },
      "scope": "global",
      "id": "e45f6187-fb8c-44de-bb02-1e1292f5252c",
      "index": 44,
      "timestamp": "2024-10-31T22:53:15.477Z",
      "hash": "MnGvGILcPXUCVZigwQzDilsWzok=",
      "skip": 0
    },
    {
      "type": "SET_OPERATION_SCHEMA",
      "input": {
        "id": "z59UfAYmzMEMtIGxZKKlC5J6GpU=",
        "schema": "input EditPayerInput {\n    id: String\n    name: String\n    streetAddress: String\n    extendedAddress: String\n    city: String\n    postalCode: String\n    country: String\n    stateProvince: String\n    tel: String\n    email: String\n}"
      },
      "scope": "global",
      "id": "248934c7-997b-4a62-a9ac-6974e790f9c3",
      "index": 45,
      "timestamp": "2024-10-31T22:53:15.478Z",
      "hash": "MnGvGILcPXUCVZigwQzDilsWzok=",
      "skip": 0
    },
    {
      "type": "ADD_OPERATION",
      "input": {
        "id": "QFPrzmTmlhHo/+NahqpSAcDxTKA=",
        "moduleId": "sSVjeGG79S3+LIZkVmxI3DtvO40=",
        "name": "EDIT_PAYER_BANK"
      },
      "scope": "global",
      "id": "e3290930-1ee9-4546-9a09-279702892d5e",
      "index": 46,
      "timestamp": "2024-10-31T22:53:15.478Z",
      "hash": "C4NR7oEOytqgVh3jmwCr6i6oQVE=",
      "skip": 0
    },
    {
      "type": "SET_OPERATION_SCHEMA",
      "input": {
        "id": "QFPrzmTmlhHo/+NahqpSAcDxTKA=",
        "schema": "input EditPayerBankInput {\n    name: String\n    streetAddress: String\n    extendedAddress: String\n    city: String\n    postalCode: String\n    country: String\n    stateProvince: String\n    tel: String\n    email: String\n    ABA: String\n    IBAN: String\n    SWIFT: String\n    accountNum: String\n    accountType: AccountType\n    beneficiary: String\n    memo: String\n    # intermediaryBank\n    nameIntermediary: String\n    streetAddressIntermediary: String\n    extendedAddressIntermediary: String\n    cityIntermediary: String\n    postalCodeIntermediary: String\n    countryIntermediary: String\n    stateProvinceIntermediary: String\n    telIntermediary: String\n    emailIntermediary: String\n    ABAIntermediary: String\n    IBANIntermediary: String\n    SWIFTIntermediary: String\n    accountNumIntermediary: String\n    accountTypeIntermediary: AccountType\n    beneficiaryIntermediary: String\n    memoIntermediary: String\n}"
      },
      "scope": "global",
      "id": "c9a94d28-a162-485a-aa95-c6ee447debc2",
      "index": 47,
      "timestamp": "2024-10-31T22:53:15.479Z",
      "hash": "MwSEeTCZ0xFq0bwr+kAHfE9MrJQ=",
      "skip": 0
    },
    {
      "type": "SET_OPERATION_SCHEMA",
      "input": {
        "id": "QFPrzmTmlhHo/+NahqpSAcDxTKA=",
        "schema": "input EditPayerBankInput {\n    name: String\n    streetAddress: String\n    extendedAddress: String\n    city: String\n    postalCode: String\n    country: String\n    stateProvince: String\n    tel: String\n    email: String\n    ABA: String\n    IBAN: String\n    SWIFT: String\n    accountNum: String\n    accountType: AccountType\n    beneficiary: String\n    memo: String\n    # intermediaryBank\n    nameIntermediary: String\n    streetAddressIntermediary: String\n    extendedAddressIntermediary: String\n    cityIntermediary: String\n    postalCodeIntermediary: String\n    countryIntermediary: String\n    stateProvinceIntermediary: String\n    telIntermediary: String\n    emailIntermediary: String\n    ABAIntermediary: String\n    IBANIntermediary: String\n    SWIFTIntermediary: String\n    accountNumIntermediary: String\n    accountTypeIntermediary: AccountType\n    beneficiaryIntermediary: String\n    memoIntermediary: String\n}"
      },
      "scope": "global",
      "id": "a025a82e-ba4d-49ad-922d-8bf430d8926a",
      "index": 48,
      "timestamp": "2024-10-31T22:53:15.480Z",
      "hash": "MwSEeTCZ0xFq0bwr+kAHfE9MrJQ=",
      "skip": 0
    },
    {
      "type": "ADD_OPERATION",
      "input": {
        "id": "H0UeZpA0hpFymYIfxJVQ8+B9CKM=",
        "moduleId": "sSVjeGG79S3+LIZkVmxI3DtvO40=",
        "name": "EDIT_PAYER_WALLET"
      },
      "scope": "global",
      "id": "3655565f-760a-4b0d-b97e-cfc57ec848c2",
      "index": 49,
      "timestamp": "2024-10-31T22:53:15.480Z",
      "hash": "YtEIzqOH5iptE1hwz2hzfr1/yNE=",
      "skip": 0
    },
    {
      "type": "SET_OPERATION_SCHEMA",
      "input": {
        "id": "H0UeZpA0hpFymYIfxJVQ8+B9CKM=",
        "schema": "type E"
      },
      "scope": "global",
      "id": "4418bad3-5b71-43ee-8628-bb61a850006e",
      "index": 50,
      "timestamp": "2024-10-31T22:57:06.425Z",
      "hash": "xv6OeHsNDLyYgnXGCJ3kVf2MRiY=",
      "skip": 0
    },
    {
      "type": "SET_OPERATION_SCHEMA",
      "input": {
        "id": "H0UeZpA0hpFymYIfxJVQ8+B9CKM=",
        "schema": "type Ed"
      },
      "scope": "global",
      "id": "1ec11d46-c197-428e-b071-e56494eabd3b",
      "index": 51,
      "timestamp": "2024-10-31T22:57:06.775Z",
      "hash": "9fUhKfMFRMbWvBODNuwHmENSq4A=",
      "skip": 0
    },
    {
      "type": "SET_OPERATION_SCHEMA",
      "input": {
        "id": "H0UeZpA0hpFymYIfxJVQ8+B9CKM=",
        "schema": "type Edi"
      },
      "scope": "global",
      "id": "9fa8c264-78d3-4fca-bf33-b5b6f21128e5",
      "index": 52,
      "timestamp": "2024-10-31T22:57:06.900Z",
      "hash": "4f/AIC7nubro35vLZJ2ocUrVWTU=",
      "skip": 0
    },
    {
      "type": "SET_OPERATION_SCHEMA",
      "input": {
        "id": "H0UeZpA0hpFymYIfxJVQ8+B9CKM=",
        "schema": "type Edit"
      },
      "scope": "global",
      "id": "892059a2-ea2f-45c9-bb1b-12e426212970",
      "index": 53,
      "timestamp": "2024-10-31T22:57:06.999Z",
      "hash": "yZv65746/mZVK0V2iPuSB/TbpHM=",
      "skip": 0
    },
    {
      "type": "SET_OPERATION_SCHEMA",
      "input": {
        "id": "H0UeZpA0hpFymYIfxJVQ8+B9CKM=",
        "schema": "type EditP"
      },
      "scope": "global",
      "id": "4476161d-c56e-4bf1-a7e7-2e182dc64eb4",
      "index": 54,
      "timestamp": "2024-10-31T22:57:07.167Z",
      "hash": "gFhel09lREt0ZDOzzliOAmbbXIc=",
      "skip": 0
    },
    {
      "type": "SET_OPERATION_SCHEMA",
      "input": {
        "id": "H0UeZpA0hpFymYIfxJVQ8+B9CKM=",
        "schema": "type EditPa"
      },
      "scope": "global",
      "id": "d08fd6ef-3d43-48aa-a4e5-9eaa931f02c3",
      "index": 55,
      "timestamp": "2024-10-31T22:57:07.279Z",
      "hash": "0PFy3Lo5QBlkzAI5CUOiTqCM/Nw=",
      "skip": 0
    },
    {
      "type": "SET_OPERATION_SCHEMA",
      "input": {
        "id": "H0UeZpA0hpFymYIfxJVQ8+B9CKM=",
        "schema": "type EditPay"
      },
      "scope": "global",
      "id": "618b9774-82fc-4aae-baca-d1df24af9053",
      "index": 56,
      "timestamp": "2024-10-31T22:57:08.098Z",
      "hash": "/hMICzsXvOCB77G+RlxsXf4/LGs=",
      "skip": 0
    },
    {
      "type": "SET_OPERATION_SCHEMA",
      "input": {
        "id": "H0UeZpA0hpFymYIfxJVQ8+B9CKM=",
        "schema": "type EditPaye"
      },
      "scope": "global",
      "id": "5e66d5b1-aae2-4672-b09a-5cd43476e486",
      "index": 57,
      "timestamp": "2024-10-31T22:57:08.272Z",
      "hash": "LX7DN6CyHuQqveU71+x30TPFvuI=",
      "skip": 0
    },
    {
      "type": "SET_OPERATION_SCHEMA",
      "input": {
        "id": "H0UeZpA0hpFymYIfxJVQ8+B9CKM=",
        "schema": "type EditPayer"
      },
      "scope": "global",
      "id": "edc6186f-4e58-4e29-ab17-b97c6ec18451",
      "index": 58,
      "timestamp": "2024-10-31T22:57:08.552Z",
      "hash": "OFfnw0Xg8HUoF5lk6g18Nnyk/8g=",
      "skip": 0
    },
    {
      "type": "SET_OPERATION_SCHEMA",
      "input": {
        "id": "H0UeZpA0hpFymYIfxJVQ8+B9CKM=",
        "schema": "type EditPayerW"
      },
      "scope": "global",
      "id": "be3ce9ba-bc4a-4aa2-a206-705a90326ba1",
      "index": 59,
      "timestamp": "2024-10-31T22:57:08.719Z",
      "hash": "nU4L+vWIEn6E4ipoFQLVpbsQdUM=",
      "skip": 0
    },
    {
      "type": "SET_OPERATION_SCHEMA",
      "input": {
        "id": "H0UeZpA0hpFymYIfxJVQ8+B9CKM=",
        "schema": "type EditPayerWal"
      },
      "scope": "global",
      "id": "e3b722f5-78bb-4a8e-8d5a-718f3045dfc4",
      "index": 64,
      "timestamp": "2024-10-31T22:57:09.038Z",
      "hash": "AXqm7IoXZLl4lGF2MnWWqppVPNk=",
      "skip": 5
    },
    {
      "type": "SET_OPERATION_SCHEMA",
      "input": {
        "id": "H0UeZpA0hpFymYIfxJVQ8+B9CKM=",
        "schema": "type EditPayerWall"
      },
      "scope": "global",
      "id": "041bb722-6401-4fb8-83dc-4e001e3e5074",
      "index": 65,
      "timestamp": "2024-10-31T22:57:09.102Z",
      "hash": "Wucodq+IoFxwfzc9/RKPzwPpK+4=",
      "skip": 0
    },
    {
      "type": "SET_OPERATION_SCHEMA",
      "input": {
        "id": "H0UeZpA0hpFymYIfxJVQ8+B9CKM=",
        "schema": "type EditPayerWalle"
      },
      "scope": "global",
      "id": "1ea29fca-a813-4f8e-bf09-1e2ebd6c8c8d",
      "index": 66,
      "timestamp": "2024-10-31T22:57:09.138Z",
      "hash": "RO+Pam4m6Tbd62Tf0z/H4CVLH/s=",
      "skip": 0
    },
    {
      "type": "SET_OPERATION_SCHEMA",
      "input": {
        "id": "H0UeZpA0hpFymYIfxJVQ8+B9CKM=",
        "schema": "type EditPayerWallet"
      },
      "scope": "global",
      "id": "3049325c-defe-4265-8720-c35961a9a5de",
      "index": 67,
      "timestamp": "2024-10-31T22:57:09.161Z",
      "hash": "T1OGbns10icVSRRJSaSctyYLjN8=",
      "skip": 0
    },
    {
      "type": "SET_OPERATION_SCHEMA",
      "input": {
        "id": "H0UeZpA0hpFymYIfxJVQ8+B9CKM=",
        "schema": "type EditPayerW"
      },
      "scope": "global",
      "id": "be3ce9ba-bc4a-4aa2-a206-705a90326ba1",
      "index": 68,
      "timestamp": "2024-10-31T22:57:09.190Z",
      "hash": "nU4L+vWIEn6E4ipoFQLVpbsQdUM=",
      "skip": 0
    },
    {
      "type": "SET_OPERATION_SCHEMA",
      "input": {
        "id": "H0UeZpA0hpFymYIfxJVQ8+B9CKM=",
        "schema": "type EditPayerWalle "
      },
      "scope": "global",
      "id": "90481458-1951-4034-879b-073f4b406a3e",
      "index": 69,
      "timestamp": "2024-10-31T22:57:09.252Z",
      "hash": "PTDGZMQLP5Xm8W0Tv0anptOHbik=",
      "skip": 0
    },
    {
      "type": "SET_OPERATION_SCHEMA",
      "input": {
        "id": "H0UeZpA0hpFymYIfxJVQ8+B9CKM=",
        "schema": "type EditPayerWal"
      },
      "scope": "global",
      "id": "e3b722f5-78bb-4a8e-8d5a-718f3045dfc4",
      "index": 70,
      "timestamp": "2024-10-31T22:57:12.477Z",
      "hash": "AXqm7IoXZLl4lGF2MnWWqppVPNk=",
      "skip": 11
    },
    {
      "type": "SET_OPERATION_SCHEMA",
      "input": {
        "id": "H0UeZpA0hpFymYIfxJVQ8+B9CKM=",
        "schema": "type EditPayerWall"
      },
      "scope": "global",
      "id": "041bb722-6401-4fb8-83dc-4e001e3e5074",
      "index": 71,
      "timestamp": "2024-10-31T22:57:12.505Z",
      "hash": "Wucodq+IoFxwfzc9/RKPzwPpK+4=",
      "skip": 0
    },
    {
      "type": "SET_OPERATION_SCHEMA",
      "input": {
        "id": "H0UeZpA0hpFymYIfxJVQ8+B9CKM=",
        "schema": "type EditPayerWalle"
      },
      "scope": "global",
      "id": "1ea29fca-a813-4f8e-bf09-1e2ebd6c8c8d",
      "index": 72,
      "timestamp": "2024-10-31T22:57:12.531Z",
      "hash": "RO+Pam4m6Tbd62Tf0z/H4CVLH/s=",
      "skip": 0
    },
    {
      "type": "SET_OPERATION_SCHEMA",
      "input": {
        "id": "H0UeZpA0hpFymYIfxJVQ8+B9CKM=",
        "schema": "type EditPayerWallet"
      },
      "scope": "global",
      "id": "3049325c-defe-4265-8720-c35961a9a5de",
      "index": 73,
      "timestamp": "2024-10-31T22:57:12.561Z",
      "hash": "T1OGbns10icVSRRJSaSctyYLjN8=",
      "skip": 0
    },
    {
      "type": "SET_OPERATION_SCHEMA",
      "input": {
        "id": "H0UeZpA0hpFymYIfxJVQ8+B9CKM=",
        "schema": "type EditPayerW"
      },
      "scope": "global",
      "id": "be3ce9ba-bc4a-4aa2-a206-705a90326ba1",
      "index": 74,
      "timestamp": "2024-10-31T22:57:12.589Z",
      "hash": "nU4L+vWIEn6E4ipoFQLVpbsQdUM=",
      "skip": 0
    },
    {
      "type": "SET_OPERATION_SCHEMA",
      "input": {
        "id": "H0UeZpA0hpFymYIfxJVQ8+B9CKM=",
        "schema": "type EditPayerWalle "
      },
      "scope": "global",
      "id": "90481458-1951-4034-879b-073f4b406a3e",
      "index": 75,
      "timestamp": "2024-10-31T22:57:12.615Z",
      "hash": "PTDGZMQLP5Xm8W0Tv0anptOHbik=",
      "skip": 0
    },
    {
      "type": "SET_OPERATION_SCHEMA",
      "input": {
        "id": "H0UeZpA0hpFymYIfxJVQ8+B9CKM=",
        "schema": "type EditPayerWalle"
      },
      "scope": "global",
      "id": "9b1e35fe-eaec-4ea3-a449-cf3ffb80fda6",
      "index": 76,
      "timestamp": "2024-10-31T22:57:12.644Z",
      "hash": "RO+Pam4m6Tbd62Tf0z/H4CVLH/s=",
      "skip": 0
    },
    {
      "type": "DELETE_OPERATION",
      "input": {
        "id": "H0UeZpA0hpFymYIfxJVQ8+B9CKM="
      },
      "scope": "global",
      "id": "512e3056-64fe-43de-bd42-57c95a48b97e",
      "index": 77,
      "timestamp": "2024-10-31T22:59:19.215Z",
      "hash": "MwSEeTCZ0xFq0bwr+kAHfE9MrJQ=",
      "skip": 0
    },
    {
      "type": "ADD_OPERATION",
      "input": {
        "id": "ls6EOq/+VYc8qzC2ScS8x6/128g=",
        "moduleId": "sSVjeGG79S3+LIZkVmxI3DtvO40=",
        "name": "EDIT_PAYER_WALLET"
      },
      "scope": "global",
      "id": "2f98adef-11f1-43f8-9356-155933880352",
      "index": 78,
      "timestamp": "2024-10-31T22:59:47.421Z",
      "hash": "vCQkITSiWjWL9kzNHWXThhefmw0=",
      "skip": 0
    },
    {
      "type": "SET_OPERATION_SCHEMA",
      "input": {
        "id": "ls6EOq/+VYc8qzC2ScS8x6/128g=",
        "schema": "input EditPayerWalletInput {\n  \"Add your inputs here\"\n  _placeholder: String\n}"
      },
      "scope": "global",
      "id": "7e11c8d8-6dc5-40ec-beae-01c3f6fa83fa",
      "index": 79,
      "timestamp": "2024-10-31T22:59:47.925Z",
      "hash": "JzD7Fv0pcjo8V3l0I90v2rxr+QM=",
      "skip": 0
    }
  ],
  "local": []
}